Entity,Code,Year,Annual consumption-based CO2 emissions (per capita)
Africa,,1990,0.728
Africa,,1991,0.7381
Africa,,1992,0.7329
Africa,,1993,0.7369
Africa,,1994,0.7216
Africa,,1995,0.7369
Africa,,1996,0.711
Africa,,1997,0.7397
Africa,,1998,0.7426
Africa,,1999,0.7548
Africa,,2000,0.7649
Africa,,2001,0.7327
Africa,,2002,0.7053
Africa,,2003,0.7666
Africa,,2004,0.8017
Africa,,2005,0.8043
Africa,,2006,0.8103
Africa,,2007,0.8311
Africa,,2008,0.8451
Africa,,2009,0.8419
Africa,,2010,0.829
Africa,,2011,0.8392
Africa,,2012,0.8286
Africa,,2013,0.858
Africa,,2014,0.8728
Africa,,2015,0.8371
Africa,,2016,0.8398
Africa,,2017,0.825
Africa,,2018,0.8022
Africa,,2019,0.7914
Albania,ALB,1990,1.6542
Albania,ALB,1991,1.3739
Albania,ALB,1992,0.8758
Albania,ALB,1993,0.8149
Albania,ALB,1994,0.7347
Albania,ALB,1995,0.7947
Albania,ALB,1996,0.9253
Albania,ALB,1997,0.693
Albania,ALB,1998,0.7927
Albania,ALB,1999,1.1746
Albania,ALB,2000,1.2161
Albania,ALB,2001,1.3046
Albania,ALB,2002,1.6174
Albania,ALB,2003,1.7374
Albania,ALB,2004,1.6845
Albania,ALB,2005,1.8538
Albania,ALB,2006,1.7688
Albania,ALB,2007,1.782
Albania,ALB,2008,2.0225
Albania,ALB,2009,2.0843
Albania,ALB,2010,2.0631
Albania,ALB,2011,2.1555
Albania,ALB,2012,2.056
Albania,ALB,2013,2.064
Albania,ALB,2014,2.2447
Albania,ALB,2015,1.9518
Albania,ALB,2016,1.9061
Albania,ALB,2017,2.1353
Albania,ALB,2018,2.014
Albania,ALB,2019,2.031
Argentina,ARG,1990,3.4333
Argentina,ARG,1991,3.6419
Argentina,ARG,1992,3.809
Argentina,ARG,1993,3.6249
Argentina,ARG,1994,3.6902
Argentina,ARG,1995,3.7247
Argentina,ARG,1996,3.8786
Argentina,ARG,1997,4.0299
Argentina,ARG,1998,4.0732
Argentina,ARG,1999,4.0885
Argentina,ARG,2000,3.7997
Argentina,ARG,2001,3.4642
Argentina,ARG,2002,2.1853
Argentina,ARG,2003,2.8364
Argentina,ARG,2004,3.2901
Argentina,ARG,2005,3.4595
Argentina,ARG,2006,3.8076
Argentina,ARG,2007,3.9221
Argentina,ARG,2008,4.2585
Argentina,ARG,2009,3.9628
Argentina,ARG,2010,4.2793
Argentina,ARG,2011,4.4335
Argentina,ARG,2012,4.5175
Argentina,ARG,2013,4.6012
Argentina,ARG,2014,4.5216
Argentina,ARG,2015,4.6931
Argentina,ARG,2016,4.4864
Argentina,ARG,2017,4.4471
Argentina,ARG,2018,4.1656
Argentina,ARG,2019,3.7203
Armenia,ARM,1990,1.7068
Armenia,ARM,1991,1.3036
Armenia,ARM,1992,1.0776
Armenia,ARM,1993,0.5461
Armenia,ARM,1994,0.5447
Armenia,ARM,1995,0.8458
Armenia,ARM,1996,0.9168
Armenia,ARM,1997,1.2599
Armenia,ARM,1998,1.276
Armenia,ARM,1999,1.6598
Armenia,ARM,2000,1.3081
Armenia,ARM,2001,1.3502
Armenia,ARM,2002,1.2233
Armenia,ARM,2003,1.4053
Armenia,ARM,2004,1.4395
Armenia,ARM,2005,1.8062
Armenia,ARM,2006,1.8049
Armenia,ARM,2007,2.5283
Armenia,ARM,2008,2.2959
Armenia,ARM,2009,2.0234
Armenia,ARM,2010,1.9058
Armenia,ARM,2011,1.9903
Armenia,ARM,2012,2.1905
Armenia,ARM,2013,2.155
Armenia,ARM,2014,2.1372
Armenia,ARM,2015,2.0446
Armenia,ARM,2016,1.8901
Armenia,ARM,2017,1.9389
Armenia,ARM,2018,2.0584
Armenia,ARM,2019,1.85
Asia,,1990,2.0355
Asia,,1991,2.0528
Asia,,1992,2.176
Asia,,1993,2.2117
Asia,,1994,2.2226
Asia,,1995,2.2919
Asia,,1996,2.3279
Asia,,1997,2.2974
Asia,,1998,2.1409
Asia,,1999,2.1998
Asia,,2000,2.2632
Asia,,2001,2.2684
Asia,,2002,2.3483
Asia,,2003,2.5296
Asia,,2004,2.6914
Asia,,2005,2.8362
Asia,,2006,2.9553
Asia,,2007,3.084
Asia,,2008,3.2265
Asia,,2009,3.3639
Asia,,2010,3.5738
Asia,,2011,3.7819
Asia,,2012,3.9176
Asia,,2013,3.9486
Asia,,2014,3.9833
Asia,,2015,3.9949
Asia,,2016,3.984
Asia,,2017,4.0336
Asia,,2018,4.1235
Asia,,2019,4.1575
Asia (excl. China & India),,1990,3.1209
Asia (excl. China & India),,1991,3.1211
Asia (excl. China & India),,1992,3.3063
Asia (excl. China & India),,1993,3.2865
Asia (excl. China & India),,1994,3.3305
Asia (excl. China & India),,1995,3.3337
Asia (excl. China & India),,1996,3.3288
Asia (excl. China & India),,1997,3.305
Asia (excl. China & India),,1998,2.976
Asia (excl. China & India),,1999,3.0776
Asia (excl. China & India),,2000,3.2497
Asia (excl. China & India),,2001,3.1729
Asia (excl. China & India),,2002,3.2353
Asia (excl. China & India),,2003,3.4342
Asia (excl. China & India),,2004,3.519
Asia (excl. China & India),,2005,3.6232
Asia (excl. China & India),,2006,3.7234
Asia (excl. China & India),,2007,3.7598
Asia (excl. China & India),,2008,3.8017
Asia (excl. China & India),,2009,3.6205
Asia (excl. China & India),,2010,3.8332
Asia (excl. China & India),,2011,3.9091
Asia (excl. China & India),,2012,4.0341
Asia (excl. China & India),,2013,4.0239
Asia (excl. China & India),,2014,4.0167
Asia (excl. China & India),,2015,4.0505
Asia (excl. China & India),,2016,4.0021
Asia (excl. China & India),,2017,4.0333
Asia (excl. China & India),,2018,4.0201
Asia (excl. China & India),,2019,4.04
Australia,AUS,1990,14.4987
Australia,AUS,1991,14.3995
Australia,AUS,1992,14.3534
Australia,AUS,1993,14.2758
Australia,AUS,1994,14.7551
Australia,AUS,1995,14.7799
Australia,AUS,1996,15.0222
Australia,AUS,1997,15.3749
Australia,AUS,1998,16.1411
Australia,AUS,1999,15.8622
Australia,AUS,2000,15.3407
Australia,AUS,2001,15.5346
Australia,AUS,2002,16.5327
Australia,AUS,2003,17.0326
Australia,AUS,2004,17.4749
Australia,AUS,2005,16.979
Australia,AUS,2006,17.6146
Australia,AUS,2007,17.8149
Australia,AUS,2008,17.2362
Australia,AUS,2009,17.6573
Australia,AUS,2010,17.308
Australia,AUS,2011,17.4315
Australia,AUS,2012,17.9137
Australia,AUS,2013,16.6702
Australia,AUS,2014,16.8038
Australia,AUS,2015,16.6008
Australia,AUS,2016,16.0397
Australia,AUS,2017,15.7823
Australia,AUS,2018,15.2029
Australia,AUS,2019,14.8972
Austria,AUT,1990,11.3917
Austria,AUT,1991,11.5436
Austria,AUT,1992,11.7022
Austria,AUT,1993,11.1233
Austria,AUT,1994,11.0163
Austria,AUT,1995,11.4588
Austria,AUT,1996,12.3558
Austria,AUT,1997,11.6653
Austria,AUT,1998,12.0845
Austria,AUT,1999,11.8817
Austria,AUT,2000,11.9669
Austria,AUT,2001,12.2305
Austria,AUT,2002,12.2206
Austria,AUT,2003,12.3294
Austria,AUT,2004,12.6249
Austria,AUT,2005,12.8608
Austria,AUT,2006,13.0645
Austria,AUT,2007,12.3636
Austria,AUT,2008,12.1394
Austria,AUT,2009,11.0815
Austria,AUT,2010,11.7173
Austria,AUT,2011,12.0112
Austria,AUT,2012,11.3106
Austria,AUT,2013,11.0115
Austria,AUT,2014,10.5734
Austria,AUT,2015,10.5942
Austria,AUT,2016,10.582
Austria,AUT,2017,10.7702
Austria,AUT,2018,10.4689
Austria,AUT,2019,10.2312
Azerbaijan,AZE,1990,3.9319
Azerbaijan,AZE,1991,2.9764
Azerbaijan,AZE,1992,1.8613
Azerbaijan,AZE,1993,3.216
Azerbaijan,AZE,1994,2.5086
Azerbaijan,AZE,1995,3.0058
Azerbaijan,AZE,1996,3.6361
Azerbaijan,AZE,1997,3.2546
Azerbaijan,AZE,1998,3.7766
Azerbaijan,AZE,1999,3.3191
Azerbaijan,AZE,2000,3.1619
Azerbaijan,AZE,2001,3.1798
Azerbaijan,AZE,2002,3.5716
Azerbaijan,AZE,2003,4.0126
Azerbaijan,AZE,2004,4.2698
Azerbaijan,AZE,2005,4.0504
Azerbaijan,AZE,2006,4.6082
Azerbaijan,AZE,2007,3.5796
Azerbaijan,AZE,2008,3.9849
Azerbaijan,AZE,2009,3.5344
Azerbaijan,AZE,2010,3.3389
Azerbaijan,AZE,2011,3.5623
Azerbaijan,AZE,2012,3.8504
Azerbaijan,AZE,2013,3.9696
Azerbaijan,AZE,2014,4.1701
Azerbaijan,AZE,2015,4.218
Azerbaijan,AZE,2016,4.0316
Azerbaijan,AZE,2017,3.985
Azerbaijan,AZE,2018,3.9358
Azerbaijan,AZE,2019,4.0179
Bahrain,BHR,1990,23.393
Bahrain,BHR,1991,23.3762
Bahrain,BHR,1992,21.8614
Bahrain,BHR,1993,26.1362
Bahrain,BHR,1994,26.2608
Bahrain,BHR,1995,25.398
Bahrain,BHR,1996,25.2064
Bahrain,BHR,1997,24.0502
Bahrain,BHR,1998,26.2985
Bahrain,BHR,1999,15.3366
Bahrain,BHR,2000,18.9695
Bahrain,BHR,2001,15.9735
Bahrain,BHR,2002,16.5275
Bahrain,BHR,2003,14.493
Bahrain,BHR,2004,13.3097
Bahrain,BHR,2005,14.4785
Bahrain,BHR,2006,11.5397
Bahrain,BHR,2007,14.2929
Bahrain,BHR,2008,15.0012
Bahrain,BHR,2009,15.5593
Bahrain,BHR,2010,15.6947
Bahrain,BHR,2011,11.3111
Bahrain,BHR,2012,9.6185
Bahrain,BHR,2013,10.235
Bahrain,BHR,2014,10.8924
Bahrain,BHR,2015,12.4733
Bahrain,BHR,2016,12.6781
Bahrain,BHR,2017,12.389
Bahrain,BHR,2018,11.589
Bahrain,BHR,2019,11.5489
Bangladesh,BGD,1990,0.1754
Bangladesh,BGD,1991,0.1815
Bangladesh,BGD,1992,0.1899
Bangladesh,BGD,1993,0.1884
Bangladesh,BGD,1994,0.2036
Bangladesh,BGD,1995,0.2266
Bangladesh,BGD,1996,0.2296
Bangladesh,BGD,1997,0.2404
Bangladesh,BGD,1998,0.2346
Bangladesh,BGD,1999,0.2389
Bangladesh,BGD,2000,0.2561
Bangladesh,BGD,2001,0.3098
Bangladesh,BGD,2002,0.2825
Bangladesh,BGD,2003,0.3417
Bangladesh,BGD,2004,0.3475
Bangladesh,BGD,2005,0.352
Bangladesh,BGD,2006,0.3706
Bangladesh,BGD,2007,0.392
Bangladesh,BGD,2008,0.3948
Bangladesh,BGD,2009,0.4259
Bangladesh,BGD,2010,0.4779
Bangladesh,BGD,2011,0.5048
Bangladesh,BGD,2012,0.519
Bangladesh,BGD,2013,0.5577
Bangladesh,BGD,2014,0.5751
Bangladesh,BGD,2015,0.605
Bangladesh,BGD,2016,0.6127
Bangladesh,BGD,2017,0.6383
Bangladesh,BGD,2018,0.6537
Bangladesh,BGD,2019,0.7094
Belarus,BLR,1990,5.9214
Belarus,BLR,1991,6.2261
Belarus,BLR,1992,4.3545
Belarus,BLR,1993,3.6797
Belarus,BLR,1994,2.8496
Belarus,BLR,1995,3.3406
Belarus,BLR,1996,4.679
Belarus,BLR,1997,4.461
Belarus,BLR,1998,7.0861
Belarus,BLR,1999,6.7116
Belarus,BLR,2000,6.6127
Belarus,BLR,2001,6.241
Belarus,BLR,2002,6.5336
Belarus,BLR,2003,6.3514
Belarus,BLR,2004,6.6493
Belarus,BLR,2005,6.2932
Belarus,BLR,2006,7.0827
Belarus,BLR,2007,7.44
Belarus,BLR,2008,8.114
Belarus,BLR,2009,5.7476
Belarus,BLR,2010,6.419
Belarus,BLR,2011,5.3585
Belarus,BLR,2012,6.7369
Belarus,BLR,2013,7.0153
Belarus,BLR,2014,7.0956
Belarus,BLR,2015,6.6859
Belarus,BLR,2016,6.4903
Belarus,BLR,2017,6.4708
Belarus,BLR,2018,6.8021
Belarus,BLR,2019,6.7188
Belgium,BEL,1990,15.4306
Belgium,BEL,1991,15.472
Belgium,BEL,1992,17.0538
Belgium,BEL,1993,16.0292
Belgium,BEL,1994,15.8992
Belgium,BEL,1995,16.2714
Belgium,BEL,1996,16.1147
Belgium,BEL,1997,16.5892
Belgium,BEL,1998,17.63
Belgium,BEL,1999,18.0142
Belgium,BEL,2000,18.3429
Belgium,BEL,2001,18.0854
Belgium,BEL,2002,19.1168
Belgium,BEL,2003,18.8419
Belgium,BEL,2004,20.7999
Belgium,BEL,2005,20.2935
Belgium,BEL,2006,21.0417
Belgium,BEL,2007,21.1551
Belgium,BEL,2008,19.4
Belgium,BEL,2009,16.3671
Belgium,BEL,2010,17.6239
Belgium,BEL,2011,18.6443
Belgium,BEL,2012,16.6253
Belgium,BEL,2013,16.3091
Belgium,BEL,2014,15.7551
Belgium,BEL,2015,15.5511
Belgium,BEL,2016,15.003
Belgium,BEL,2017,15.0101
Belgium,BEL,2018,15.3869
Belgium,BEL,2019,14.8655
Benin,BEN,1990,0.1912
Benin,BEN,1991,0.2064
Benin,BEN,1992,0.2095
Benin,BEN,1993,0.2297
Benin,BEN,1994,0.258
Benin,BEN,1995,0.2613
Benin,BEN,1996,0.2739
Benin,BEN,1997,0.3003
Benin,BEN,1998,0.3091
Benin,BEN,1999,0.3064
Benin,BEN,2000,0.3619
Benin,BEN,2001,0.3935
Benin,BEN,2002,0.4502
Benin,BEN,2003,0.5141
Benin,BEN,2004,0.4718
Benin,BEN,2005,0.5971
Benin,BEN,2006,0.747
Benin,BEN,2007,0.7498
Benin,BEN,2008,0.8243
Benin,BEN,2009,0.7567
Benin,BEN,2010,0.7766
Benin,BEN,2011,0.9207
Benin,BEN,2012,0.7606
Benin,BEN,2013,0.7797
Benin,BEN,2014,0.727
Benin,BEN,2015,0.7482
Benin,BEN,2016,0.7728
Benin,BEN,2017,0.7829
Benin,BEN,2018,0.7948
Benin,BEN,2019,0.7896
Bolivia,BOL,1990,0.816
Bolivia,BOL,1991,0.832
Bolivia,BOL,1992,0.9146
Bolivia,BOL,1993,1.033
Bolivia,BOL,1994,1.0789
Bolivia,BOL,1995,1.1847
Bolivia,BOL,1996,1.2012
Bolivia,BOL,1997,1.3805
Bolivia,BOL,1998,1.3875
Bolivia,BOL,1999,1.3691
Bolivia,BOL,2000,1.074
Bolivia,BOL,2001,0.9979
Bolivia,BOL,2002,1.0595
Bolivia,BOL,2003,1.0447
Bolivia,BOL,2004,0.997
Bolivia,BOL,2005,1.0404
Bolivia,BOL,2006,1.0549
Bolivia,BOL,2007,1.1234
Bolivia,BOL,2008,1.2207
Bolivia,BOL,2009,1.363
Bolivia,BOL,2010,1.4011
Bolivia,BOL,2011,1.5398
Bolivia,BOL,2012,1.5322
Bolivia,BOL,2013,1.6279
Bolivia,BOL,2014,1.7267
Bolivia,BOL,2015,1.8702
Bolivia,BOL,2016,2.0267
Bolivia,BOL,2017,2.053
Bolivia,BOL,2018,2.0482
Bolivia,BOL,2019,2.0295
Botswana,BWA,1990,2.0986
Botswana,BWA,1991,1.9863
Botswana,BWA,1992,2.0368
Botswana,BWA,1993,2.2836
Botswana,BWA,1994,2.113
Botswana,BWA,1995,2.0724
Botswana,BWA,1996,1.8311
Botswana,BWA,1997,1.8172
Botswana,BWA,1998,2.1205
Botswana,BWA,1999,1.9614
Botswana,BWA,2000,4.6746
Botswana,BWA,2001,4.168
Botswana,BWA,2002,1.8938
Botswana,BWA,2003,7.0586
Botswana,BWA,2004,5.1305
Botswana,BWA,2005,4.1885
Botswana,BWA,2006,4.1188
Botswana,BWA,2007,5.2114
Botswana,BWA,2008,6.243
Botswana,BWA,2009,2.7078
Botswana,BWA,2010,3.4146
Botswana,BWA,2011,2.495
Botswana,BWA,2012,2.9039
Botswana,BWA,2013,7.7993
Botswana,BWA,2014,8.4226
Botswana,BWA,2015,7.5877
Botswana,BWA,2016,7.8395
Botswana,BWA,2017,8.0291
Botswana,BWA,2018,8.0511
Botswana,BWA,2019,7.9998
Brazil,BRA,1990,1.6457
Brazil,BRA,1991,1.6606
Brazil,BRA,1992,1.6455
Brazil,BRA,1993,1.6739
Brazil,BRA,1994,1.7267
Brazil,BRA,1995,1.8354
Brazil,BRA,1996,1.9534
Brazil,BRA,1997,2.0451
Brazil,BRA,1998,2.0541
Brazil,BRA,1999,1.9298
Brazil,BRA,2000,2.0048
Brazil,BRA,2001,1.9383
Brazil,BRA,2002,1.8502
Brazil,BRA,2003,1.7947
Brazil,BRA,2004,1.8399
Brazil,BRA,2005,1.8944
Brazil,BRA,2006,1.9408
Brazil,BRA,2007,2.0925
Brazil,BRA,2008,2.3049
Brazil,BRA,2009,2.0998
Brazil,BRA,2010,2.478
Brazil,BRA,2011,2.6007
Brazil,BRA,2012,2.7232
Brazil,BRA,2013,2.8552
Brazil,BRA,2014,2.9487
Brazil,BRA,2015,2.6852
Brazil,BRA,2016,2.4995
Brazil,BRA,2017,2.5245
Brazil,BRA,2018,2.3948
Brazil,BRA,2019,2.388
Brunei,BRN,1990,17.2007
Brunei,BRN,1991,15.1863
Brunei,BRN,1992,15.9124
Brunei,BRN,1993,16.4768
Brunei,BRN,1994,16.8114
Brunei,BRN,1995,15.9758
Brunei,BRN,1996,18.0945
Brunei,BRN,1997,12.1015
Brunei,BRN,1998,16.3029
Brunei,BRN,1999,9.4906
Brunei,BRN,2000,9.3484
Brunei,BRN,2001,8.9212
Brunei,BRN,2002,8.8731
Brunei,BRN,2003,12.6975
Brunei,BRN,2004,11.7754
Brunei,BRN,2005,11.4743
Brunei,BRN,2006,12.2413
Brunei,BRN,2007,18.1229
Brunei,BRN,2008,18.3014
Brunei,BRN,2009,16.7357
Brunei,BRN,2010,16.7491
Brunei,BRN,2011,19.6114
Brunei,BRN,2012,20.8778
Brunei,BRN,2013,20.9754
Brunei,BRN,2014,22.1233
Brunei,BRN,2015,19.6963
Brunei,BRN,2016,20.1252
Brunei,BRN,2017,23.5857
Brunei,BRN,2018,23.4508
Brunei,BRN,2019,23.0033
Bulgaria,BGR,1990,6.9301
Bulgaria,BGR,1991,5.0968
Bulgaria,BGR,1992,4.859
Bulgaria,BGR,1993,5.3004
Bulgaria,BGR,1994,4.9033
Bulgaria,BGR,1995,5.5511
Bulgaria,BGR,1996,5.8464
Bulgaria,BGR,1997,5.6302
Bulgaria,BGR,1998,5.6074
Bulgaria,BGR,1999,5.1036
Bulgaria,BGR,2000,5.5721
Bulgaria,BGR,2001,5.7715
Bulgaria,BGR,2002,5.5093
Bulgaria,BGR,2003,5.9455
Bulgaria,BGR,2004,5.8895
Bulgaria,BGR,2005,6.1714
Bulgaria,BGR,2006,6.6557
Bulgaria,BGR,2007,6.9055
Bulgaria,BGR,2008,7.0739
Bulgaria,BGR,2009,5.8993
Bulgaria,BGR,2010,5.7702
Bulgaria,BGR,2011,6.1815
Bulgaria,BGR,2012,5.9561
Bulgaria,BGR,2013,5.2117
Bulgaria,BGR,2014,5.4525
Bulgaria,BGR,2015,5.7149
Bulgaria,BGR,2016,5.4248
Bulgaria,BGR,2017,5.6375
Bulgaria,BGR,2018,5.58
Bulgaria,BGR,2019,5.4851
Burkina Faso,BFA,1990,0.0921
Burkina Faso,BFA,1991,0.0946
Burkina Faso,BFA,1992,0.0935
Burkina Faso,BFA,1993,0.0912
Burkina Faso,BFA,1994,0.0914
Burkina Faso,BFA,1995,0.0913
Burkina Faso,BFA,1996,0.0939
Burkina Faso,BFA,1997,0.1048
Burkina Faso,BFA,1998,0.1532
Burkina Faso,BFA,1999,0.1769
Burkina Faso,BFA,2000,0.1271
Burkina Faso,BFA,2001,0.1382
Burkina Faso,BFA,2002,0.1366
Burkina Faso,BFA,2003,0.151
Burkina Faso,BFA,2004,0.1795
Burkina Faso,BFA,2005,0.1207
Burkina Faso,BFA,2006,0.1303
Burkina Faso,BFA,2007,0.1544
Burkina Faso,BFA,2008,0.1669
Burkina Faso,BFA,2009,0.1837
Burkina Faso,BFA,2010,0.1821
Burkina Faso,BFA,2011,0.1686
Burkina Faso,BFA,2012,0.1808
Burkina Faso,BFA,2013,0.237
Burkina Faso,BFA,2014,0.2328
Burkina Faso,BFA,2015,0.2425
Burkina Faso,BFA,2016,0.2406
Burkina Faso,BFA,2017,0.262
Burkina Faso,BFA,2018,0.2708
Burkina Faso,BFA,2019,0.2679
Cambodia,KHM,1990,0.2082
Cambodia,KHM,1991,0.2098
Cambodia,KHM,1992,0.2124
Cambodia,KHM,1993,0.201
Cambodia,KHM,1994,0.2029
Cambodia,KHM,1995,0.1925
Cambodia,KHM,1996,0.2081
Cambodia,KHM,1997,0.1994
Cambodia,KHM,1998,0.2416
Cambodia,KHM,1999,0.2274
Cambodia,KHM,2000,0.2291
Cambodia,KHM,2001,0.271
Cambodia,KHM,2002,0.2062
Cambodia,KHM,2003,0.3662
Cambodia,KHM,2004,0.3724
Cambodia,KHM,2005,0.4565
Cambodia,KHM,2006,0.5
Cambodia,KHM,2007,0.5367
Cambodia,KHM,2008,0.5804
Cambodia,KHM,2009,0.5795
Cambodia,KHM,2010,0.6974
Cambodia,KHM,2011,0.7594
Cambodia,KHM,2012,0.7349
Cambodia,KHM,2013,0.8578
Cambodia,KHM,2014,0.8905
Cambodia,KHM,2015,0.9627
Cambodia,KHM,2016,1.0155
Cambodia,KHM,2017,1.1137
Cambodia,KHM,2018,1.1097
Cambodia,KHM,2019,1.2048
Cameroon,CMR,1990,0.2575
Cameroon,CMR,1991,0.2533
Cameroon,CMR,1992,0.2589
Cameroon,CMR,1993,0.2651
Cameroon,CMR,1994,0.2528
Cameroon,CMR,1995,0.2685
Cameroon,CMR,1996,0.2816
Cameroon,CMR,1997,0.2794
Cameroon,CMR,1998,0.2693
Cameroon,CMR,1999,0.215
Cameroon,CMR,2000,0.2585
Cameroon,CMR,2001,0.2854
Cameroon,CMR,2002,0.2792
Cameroon,CMR,2003,0.3147
Cameroon,CMR,2004,0.2964
Cameroon,CMR,2005,0.2958
Cameroon,CMR,2006,0.2927
Cameroon,CMR,2007,0.3265
Cameroon,CMR,2008,0.3479
Cameroon,CMR,2009,0.3943
Cameroon,CMR,2010,0.3918
Cameroon,CMR,2011,0.4035
Cameroon,CMR,2012,0.408
Cameroon,CMR,2013,0.3973
Cameroon,CMR,2014,0.45
Cameroon,CMR,2015,0.4403
Cameroon,CMR,2016,0.429
Cameroon,CMR,2017,0.429
Cameroon,CMR,2018,0.4384
Cameroon,CMR,2019,0.4032
Canada,CAN,1990,17.6304
Canada,CAN,1991,17.3759
Canada,CAN,1992,17.6455
Canada,CAN,1993,17.0098
Canada,CAN,1994,17.0152
Canada,CAN,1995,17.1272
Canada,CAN,1996,17.2844
Canada,CAN,1997,18.2003
Canada,CAN,1998,18.1574
Canada,CAN,1999,17.9243
Canada,CAN,2000,18.4537
Canada,CAN,2001,17.5993
Canada,CAN,2002,18.1601
Canada,CAN,2003,17.3323
Canada,CAN,2004,17.6774
Canada,CAN,2005,17.9217
Canada,CAN,2006,17.4146
Canada,CAN,2007,18.2102
Canada,CAN,2008,17.512
Canada,CAN,2009,16.632
Canada,CAN,2010,17.4757
Canada,CAN,2011,16.3695
Canada,CAN,2012,17.2615
Canada,CAN,2013,17.1551
Canada,CAN,2014,16.6747
Canada,CAN,2015,16.0248
Canada,CAN,2016,15.3762
Canada,CAN,2017,15.5384
Canada,CAN,2018,15.6561
Canada,CAN,2019,15.3807
Chile,CHL,1990,2.4271
Chile,CHL,1991,2.3012
Chile,CHL,1992,2.4302
Chile,CHL,1993,2.5511
Chile,CHL,1994,2.6853
Chile,CHL,1995,2.8643
Chile,CHL,1996,3.3117
Chile,CHL,1997,3.7
Chile,CHL,1998,3.7515
Chile,CHL,1999,3.9674
Chile,CHL,2000,3.9152
Chile,CHL,2001,3.5232
Chile,CHL,2002,3.7905
Chile,CHL,2003,3.515
Chile,CHL,2004,3.6445
Chile,CHL,2005,3.8869
Chile,CHL,2006,4.0543
Chile,CHL,2007,4.2661
Chile,CHL,2008,4.6937
Chile,CHL,2009,3.871
Chile,CHL,2010,4.3548
Chile,CHL,2011,4.8403
Chile,CHL,2012,5.194
Chile,CHL,2013,5.2227
Chile,CHL,2014,4.9185
Chile,CHL,2015,5.0268
Chile,CHL,2016,5.0105
Chile,CHL,2017,4.9424
Chile,CHL,2018,4.9562
Chile,CHL,2019,4.9413
China,CHN,1990,1.9717
China,CHN,1991,2.0121
China,CHN,1992,2.1356
China,CHN,1993,2.2625
China,CHN,1994,2.2334
China,CHN,1995,2.4101
China,CHN,1996,2.4934
China,CHN,1997,2.4197
China,CHN,1998,2.3238
China,CHN,1999,2.3354
China,CHN,2000,2.3567
China,CHN,2001,2.4525
China,CHN,2002,2.6193
China,CHN,2003,2.9127
China,CHN,2004,3.2684
China,CHN,2005,3.5724
China,CHN,2006,3.7749
China,CHN,2007,4.0724
China,CHN,2008,4.4172
China,CHN,2009,4.9436
China,CHN,2010,5.3315
China,CHN,2011,5.8579
China,CHN,2012,6.0448
China,CHN,2013,6.1781
China,CHN,2014,6.2149
China,CHN,2015,6.1702
China,CHN,2016,6.1528
China,CHN,2017,6.2551
China,CHN,2018,6.5038
China,CHN,2019,6.586
Colombia,COL,1990,1.9112
Colombia,COL,1991,1.8174
Colombia,COL,1992,1.9741
Colombia,COL,1993,1.9928
Colombia,COL,1994,2.0606
Colombia,COL,1995,1.8465
Colombia,COL,1996,1.8187
Colombia,COL,1997,1.9291
Colombia,COL,1998,1.8988
Colombia,COL,1999,1.4891
Colombia,COL,2000,1.4874
Colombia,COL,2001,1.4672
Colombia,COL,2002,1.5445
Colombia,COL,2003,1.4372
Colombia,COL,2004,1.3782
Colombia,COL,2005,1.5291
Colombia,COL,2006,1.6154
Colombia,COL,2007,1.6175
Colombia,COL,2008,1.7358
Colombia,COL,2009,1.7341
Colombia,COL,2010,1.8638
Colombia,COL,2011,1.8851
Colombia,COL,2012,1.9997
Colombia,COL,2013,2.1503
Colombia,COL,2014,2.1665
Colombia,COL,2015,2.1726
Colombia,COL,2016,2.1544
Colombia,COL,2017,2.0016
Colombia,COL,2018,1.9513
Colombia,COL,2019,1.9975
Costa Rica,CRI,1990,1.6432
Costa Rica,CRI,1991,1.6234
Costa Rica,CRI,1992,1.7342
Costa Rica,CRI,1993,1.698
Costa Rica,CRI,1994,1.9824
Costa Rica,CRI,1995,1.8885
Costa Rica,CRI,1996,1.8002
Costa Rica,CRI,1997,1.9082
Costa Rica,CRI,1998,2.1559
Costa Rica,CRI,1999,2.7917
Costa Rica,CRI,2000,2.4502
Costa Rica,CRI,2001,2.5586
Costa Rica,CRI,2002,3.7485
Costa Rica,CRI,2003,2.7875
Costa Rica,CRI,2004,2.8804
Costa Rica,CRI,2005,3.0843
Costa Rica,CRI,2006,2.6494
Costa Rica,CRI,2007,2.9676
Costa Rica,CRI,2008,2.9927
Costa Rica,CRI,2009,2.5136
Costa Rica,CRI,2010,2.7046
Costa Rica,CRI,2011,2.93
Costa Rica,CRI,2012,2.9781
Costa Rica,CRI,2013,2.8121
Costa Rica,CRI,2014,2.7685
Costa Rica,CRI,2015,2.5856
Costa Rica,CRI,2016,2.5559
Costa Rica,CRI,2017,2.6075
Costa Rica,CRI,2018,2.5974
Costa Rica,CRI,2019,2.614
Cote d'Ivoire,CIV,1990,0.4976
Cote d'Ivoire,CIV,1991,0.4492
Cote d'Ivoire,CIV,1992,0.4536
Cote d'Ivoire,CIV,1993,0.4938
Cote d'Ivoire,CIV,1994,0.3865
Cote d'Ivoire,CIV,1995,0.498
Cote d'Ivoire,CIV,1996,0.4541
Cote d'Ivoire,CIV,1997,0.426
Cote d'Ivoire,CIV,1998,0.5412
Cote d'Ivoire,CIV,1999,0.3886
Cote d'Ivoire,CIV,2000,0.3417
Cote d'Ivoire,CIV,2001,0.376
Cote d'Ivoire,CIV,2002,0.2962
Cote d'Ivoire,CIV,2003,0.3911
Cote d'Ivoire,CIV,2004,0.4155
Cote d'Ivoire,CIV,2005,0.4524
Cote d'Ivoire,CIV,2006,0.4412
Cote d'Ivoire,CIV,2007,0.4038
Cote d'Ivoire,CIV,2008,0.4329
Cote d'Ivoire,CIV,2009,0.3771
Cote d'Ivoire,CIV,2010,0.394
Cote d'Ivoire,CIV,2011,0.3889
Cote d'Ivoire,CIV,2012,0.4763
Cote d'Ivoire,CIV,2013,0.6832
Cote d'Ivoire,CIV,2014,0.6806
Cote d'Ivoire,CIV,2015,0.6231
Cote d'Ivoire,CIV,2016,0.6779
Cote d'Ivoire,CIV,2017,0.6663
Cote d'Ivoire,CIV,2018,0.6164
Cote d'Ivoire,CIV,2019,0.5985
Croatia,HRV,1990,4.4048
Croatia,HRV,1991,3.2834
Croatia,HRV,1992,3.8083
Croatia,HRV,1993,3.8419
Croatia,HRV,1994,3.7634
Croatia,HRV,1995,4.1456
Croatia,HRV,1996,4.3411
Croatia,HRV,1997,4.6582
Croatia,HRV,1998,4.6306
Croatia,HRV,1999,4.9326
Croatia,HRV,2000,4.8651
Croatia,HRV,2001,5.4753
Croatia,HRV,2002,5.8325
Croatia,HRV,2003,6.2861
Croatia,HRV,2004,6.2136
Croatia,HRV,2005,6.5515
Croatia,HRV,2006,7.3447
Croatia,HRV,2007,7.1783
Croatia,HRV,2008,7.1216
Croatia,HRV,2009,6.1829
Croatia,HRV,2010,5.8485
Croatia,HRV,2011,6.4274
Croatia,HRV,2012,5.3344
Croatia,HRV,2013,5.1904
Croatia,HRV,2014,4.9206
Croatia,HRV,2015,4.939
Croatia,HRV,2016,5.0248
Croatia,HRV,2017,5.1962
Croatia,HRV,2018,5.1304
Croatia,HRV,2019,5.1801
Cyprus,CYP,1990,8.7461
Cyprus,CYP,1991,8.6905
Cyprus,CYP,1992,10.171
Cyprus,CYP,1993,9.0902
Cyprus,CYP,1994,8.9212
Cyprus,CYP,1995,8.9829
Cyprus,CYP,1996,10.3388
Cyprus,CYP,1997,9.2154
Cyprus,CYP,1998,10.7842
Cyprus,CYP,1999,8.8816
Cyprus,CYP,2000,10.4299
Cyprus,CYP,2001,9.9329
Cyprus,CYP,2002,11.7178
Cyprus,CYP,2003,10.1486
Cyprus,CYP,2004,9.0815
Cyprus,CYP,2005,9.402
Cyprus,CYP,2006,9.0265
Cyprus,CYP,2007,10.1515
Cyprus,CYP,2008,11.3317
Cyprus,CYP,2009,11.9827
Cyprus,CYP,2010,12.0167
Cyprus,CYP,2011,10.507
Cyprus,CYP,2012,8.5387
Cyprus,CYP,2013,6.8815
Cyprus,CYP,2014,6.7912
Cyprus,CYP,2015,6.4694
Cyprus,CYP,2016,6.3399
Cyprus,CYP,2017,6.5526
Cyprus,CYP,2018,6.6224
Cyprus,CYP,2019,6.4901
Czechia,CZE,1990,14.5868
Czechia,CZE,1991,12.6066
Czechia,CZE,1992,14.066
Czechia,CZE,1993,12.5933
Czechia,CZE,1994,12.0548
Czechia,CZE,1995,11.908
Czechia,CZE,1996,11.8063
Czechia,CZE,1997,11.4159
Czechia,CZE,1998,10.995
Czechia,CZE,1999,10.637
Czechia,CZE,2000,11.5033
Czechia,CZE,2001,11.5522
Czechia,CZE,2002,11.8564
Czechia,CZE,2003,11.7076
Czechia,CZE,2004,11.193
Czechia,CZE,2005,10.6736
Czechia,CZE,2006,11.6065
Czechia,CZE,2007,12.0379
Czechia,CZE,2008,12.2911
Czechia,CZE,2009,10.8267
Czechia,CZE,2010,11.353
Czechia,CZE,2011,11.2286
Czechia,CZE,2012,10.3901
Czechia,CZE,2013,10.0601
Czechia,CZE,2014,9.6195
Czechia,CZE,2015,9.7254
Czechia,CZE,2016,9.7713
Czechia,CZE,2017,9.9568
Czechia,CZE,2018,10.0972
Czechia,CZE,2019,9.684
Denmark,DNK,1990,12.0014
Denmark,DNK,1991,12.7047
Denmark,DNK,1992,13.319
Denmark,DNK,1993,12.851
Denmark,DNK,1994,13.1532
Denmark,DNK,1995,12.9657
Denmark,DNK,1996,13.9149
Denmark,DNK,1997,12.8196
Denmark,DNK,1998,12.4066
Denmark,DNK,1999,13.0828
Denmark,DNK,2000,12.2599
Denmark,DNK,2001,12.2214
Denmark,DNK,2002,12.3687
Denmark,DNK,2003,12.6732
Denmark,DNK,2004,12.8695
Denmark,DNK,2005,12.4059
Denmark,DNK,2006,13.5063
Denmark,DNK,2007,12.7807
Denmark,DNK,2008,12.2394
Denmark,DNK,2009,11.2578
Denmark,DNK,2010,11.3082
Denmark,DNK,2011,11.0007
Denmark,DNK,2012,9.8917
Denmark,DNK,2013,9.9114
Denmark,DNK,2014,9.3601
Denmark,DNK,2015,8.9366
Denmark,DNK,2016,8.982
Denmark,DNK,2017,8.8339
Denmark,DNK,2018,8.9559
Denmark,DNK,2019,8.272
Dominican Republic,DOM,1990,1.3084
Dominican Republic,DOM,1991,1.3616
Dominican Republic,DOM,1992,1.4606
Dominican Republic,DOM,1993,1.5131
Dominican Republic,DOM,1994,1.5728
Dominican Republic,DOM,1995,1.9043
Dominican Republic,DOM,1996,2.0537
Dominican Republic,DOM,1997,2.1828
Dominican Republic,DOM,1998,2.3669
Dominican Republic,DOM,1999,2.4615
Dominican Republic,DOM,2000,2.7431
Dominican Republic,DOM,2001,2.6949
Dominican Republic,DOM,2002,2.5602
Dominican Republic,DOM,2003,2.3431
Dominican Republic,DOM,2004,1.9415
Dominican Republic,DOM,2005,2.2661
Dominican Republic,DOM,2006,2.3002
Dominican Republic,DOM,2007,2.5674
Dominican Republic,DOM,2008,2.6928
Dominican Republic,DOM,2009,2.4416
Dominican Republic,DOM,2010,2.5368
Dominican Republic,DOM,2011,2.5775
Dominican Republic,DOM,2012,2.6487
Dominican Republic,DOM,2013,2.55
Dominican Republic,DOM,2014,2.5009
Dominican Republic,DOM,2015,2.516
Dominican Republic,DOM,2016,2.5035
Dominican Republic,DOM,2017,2.4437
Dominican Republic,DOM,2018,2.5565
Dominican Republic,DOM,2019,2.6325
EU-27,,1990,10.4279
EU-27,,1991,10.1366
EU-27,,1992,10.8185
EU-27,,1993,10.0887
EU-27,,1994,9.8028
EU-27,,1995,9.9296
EU-27,,1996,9.8126
EU-27,,1997,9.6039
EU-27,,1998,9.7306
EU-27,,1999,9.6717
EU-27,,2000,9.8104
EU-27,,2001,9.7563
EU-27,,2002,9.8485
EU-27,,2003,9.9696
EU-27,,2004,10.2019
EU-27,,2005,10.1863
EU-27,,2006,10.5597
EU-27,,2007,10.3412
EU-27,,2008,10.1689
EU-27,,2009,9.1741
EU-27,,2010,9.4578
EU-27,,2011,9.4261
EU-27,,2012,8.7796
EU-27,,2013,8.442
EU-27,,2014,8.149
EU-27,,2015,8.0761
EU-27,,2016,7.9788
EU-27,,2017,8.0741
EU-27,,2018,8.0795
EU-27,,2019,7.7413
EU-28,,1990,10.5803
EU-28,,1991,10.3359
EU-28,,1992,10.9651
EU-28,,1993,10.2467
EU-28,,1994,9.9787
EU-28,,1995,10.0777
EU-28,,1996,10.0328
EU-28,,1997,9.8382
EU-28,,1998,9.9964
EU-28,,1999,9.9138
EU-28,,2000,10.0529
EU-28,,2001,10.0185
EU-28,,2002,10.0808
EU-28,,2003,10.2138
EU-28,,2004,10.4562
EU-28,,2005,10.4139
EU-28,,2006,10.7605
EU-28,,2007,10.5697
EU-28,,2008,10.3265
EU-28,,2009,9.3342
EU-28,,2010,9.6216
EU-28,,2011,9.4792
EU-28,,2012,8.9275
EU-28,,2013,8.5778
EU-28,,2014,8.2623
EU-28,,2015,8.1537
EU-28,,2016,8.0073
EU-28,,2017,8.0705
EU-28,,2018,8.0736
EU-28,,2019,7.7372
Ecuador,ECU,1990,1.6609
Ecuador,ECU,1991,1.5706
Ecuador,ECU,1992,1.9424
Ecuador,ECU,1993,2.143
Ecuador,ECU,1994,1.3484
Ecuador,ECU,1995,1.9778
Ecuador,ECU,1996,1.9861
Ecuador,ECU,1997,1.6215
Ecuador,ECU,1998,2.0149
Ecuador,ECU,1999,1.7484
Ecuador,ECU,2000,1.6461
Ecuador,ECU,2001,1.9787
Ecuador,ECU,2002,2.2648
Ecuador,ECU,2003,2.239
Ecuador,ECU,2004,2.3222
Ecuador,ECU,2005,2.3985
Ecuador,ECU,2006,2.3873
Ecuador,ECU,2007,2.6741
Ecuador,ECU,2008,2.4072
Ecuador,ECU,2009,2.5385
Ecuador,ECU,2010,2.8174
Ecuador,ECU,2011,2.9512
Ecuador,ECU,2012,2.9585
Ecuador,ECU,2013,3.0165
Ecuador,ECU,2014,3.1639
Ecuador,ECU,2015,3.0035
Ecuador,ECU,2016,2.8614
Ecuador,ECU,2017,2.797
Ecuador,ECU,2018,2.6814
Ecuador,ECU,2019,2.5541
Egypt,EGY,1990,1.457
Egypt,EGY,1991,1.3635
Egypt,EGY,1992,1.491
Egypt,EGY,1993,1.5722
Egypt,EGY,1994,1.4597
Egypt,EGY,1995,1.5831
Egypt,EGY,1996,1.5657
Egypt,EGY,1997,1.7134
Egypt,EGY,1998,1.9365
Egypt,EGY,1999,1.9616
Egypt,EGY,2000,2.0053
Egypt,EGY,2001,1.7253
Egypt,EGY,2002,1.7174
Egypt,EGY,2003,1.9058
Egypt,EGY,2004,1.7575
Egypt,EGY,2005,2.0234
Egypt,EGY,2006,2.0652
Egypt,EGY,2007,2.1748
Egypt,EGY,2008,2.2963
Egypt,EGY,2009,2.4429
Egypt,EGY,2010,2.4466
Egypt,EGY,2011,2.5117
Egypt,EGY,2012,2.5581
Egypt,EGY,2013,2.4247
Egypt,EGY,2014,2.5629
Egypt,EGY,2015,2.4782
Egypt,EGY,2016,2.6094
Egypt,EGY,2017,2.6002
Egypt,EGY,2018,2.318
Egypt,EGY,2019,2.2601
El Salvador,SLV,1990,0.7623
El Salvador,SLV,1991,0.862
El Salvador,SLV,1992,0.9078
El Salvador,SLV,1993,0.9743
El Salvador,SLV,1994,1.0714
El Salvador,SLV,1995,1.159
El Salvador,SLV,1996,1.0641
El Salvador,SLV,1997,1.254
El Salvador,SLV,1998,1.4033
El Salvador,SLV,1999,1.3501
El Salvador,SLV,2000,1.3952
El Salvador,SLV,2001,1.4963
El Salvador,SLV,2002,1.5284
El Salvador,SLV,2003,1.5651
El Salvador,SLV,2004,1.498
El Salvador,SLV,2005,1.471
El Salvador,SLV,2006,1.5338
El Salvador,SLV,2007,1.5435
El Salvador,SLV,2008,1.522
El Salvador,SLV,2009,1.3261
El Salvador,SLV,2010,1.3639
El Salvador,SLV,2011,1.4707
El Salvador,SLV,2012,1.4023
El Salvador,SLV,2013,1.381
El Salvador,SLV,2014,1.3584
El Salvador,SLV,2015,1.36
El Salvador,SLV,2016,1.3307
El Salvador,SLV,2017,1.2529
El Salvador,SLV,2018,1.3029
El Salvador,SLV,2019,1.3351
Estonia,EST,1990,20.2568
Estonia,EST,1991,19.2893
Estonia,EST,1992,15.6329
Estonia,EST,1993,11.9197
Estonia,EST,1994,11.2915
Estonia,EST,1995,10.8966
Estonia,EST,1996,11.8454
Estonia,EST,1997,11.2371
Estonia,EST,1998,12.3191
Estonia,EST,1999,14.2663
Estonia,EST,2000,13.2796
Estonia,EST,2001,12.9935
Estonia,EST,2002,13.895
Estonia,EST,2003,15.1212
Estonia,EST,2004,13.5129
Estonia,EST,2005,14.0053
Estonia,EST,2006,14.8821
Estonia,EST,2007,15.7605
Estonia,EST,2008,13.3228
Estonia,EST,2009,11.2619
Estonia,EST,2010,13.2516
Estonia,EST,2011,14.6999
Estonia,EST,2012,13.9028
Estonia,EST,2013,13.978
Estonia,EST,2014,13.7023
Estonia,EST,2015,12.597
Estonia,EST,2016,13.1265
Estonia,EST,2017,13.8497
Estonia,EST,2018,13.9455
Estonia,EST,2019,11.2576
Ethiopia,ETH,1990,0.0814
Ethiopia,ETH,1991,0.0797
Ethiopia,ETH,1992,0.0784
Ethiopia,ETH,1993,0.0759
Ethiopia,ETH,1994,0.0604
Ethiopia,ETH,1995,0.0643
Ethiopia,ETH,1996,0.0675
Ethiopia,ETH,1997,0.0722
Ethiopia,ETH,1998,0.0823
Ethiopia,ETH,1999,0.0791
Ethiopia,ETH,2000,0.0751
Ethiopia,ETH,2001,0.0858
Ethiopia,ETH,2002,0.0841
Ethiopia,ETH,2003,0.0936
Ethiopia,ETH,2004,0.0936
Ethiopia,ETH,2005,0.1017
Ethiopia,ETH,2006,0.1091
Ethiopia,ETH,2007,0.1055
Ethiopia,ETH,2008,0.1208
Ethiopia,ETH,2009,0.1318
Ethiopia,ETH,2010,0.1134
Ethiopia,ETH,2011,0.1152
Ethiopia,ETH,2012,0.1492
Ethiopia,ETH,2013,0.1655
Ethiopia,ETH,2014,0.18
Ethiopia,ETH,2015,0.1789
Ethiopia,ETH,2016,0.1885
Ethiopia,ETH,2017,0.1927
Ethiopia,ETH,2018,0.1973
Ethiopia,ETH,2019,0.1925
Europe,,1990,10.7298
Europe,,1991,10.55
Europe,,1992,9.1488
Europe,,1993,9.0171
Europe,,1994,8.7769
Europe,,1995,8.7751
Europe,,1996,8.9933
Europe,,1997,8.7348
Europe,,1998,8.7045
Europe,,1999,8.5751
Europe,,2000,8.6462
Europe,,2001,8.8426
Europe,,2002,8.8999
Europe,,2003,9.1501
Europe,,2004,9.3328
Europe,,2005,9.3881
Europe,,2006,9.6826
Europe,,2007,9.7064
Europe,,2008,9.5801
Europe,,2009,8.7172
Europe,,2010,9.0334
Europe,,2011,9.0599
Europe,,2012,8.7595
Europe,,2013,8.4854
Europe,,2014,8.1894
Europe,,2015,8.0226
Europe,,2016,7.9705
Europe,,2017,8.044
Europe,,2018,8.0361
Europe,,2019,7.8156
Europe (excl. EU-27),,1990,11.1216
Europe (excl. EU-27),,1991,11.0925
Europe (excl. EU-27),,1992,6.8233
Europe (excl. EU-27),,1993,7.5041
Europe (excl. EU-27),,1994,7.3237
Europe (excl. EU-27),,1995,7.1367
Europe (excl. EU-27),,1996,7.823
Europe (excl. EU-27),,1997,7.493
Europe (excl. EU-27),,1998,7.2392
Europe (excl. EU-27),,1999,7.0037
Europe (excl. EU-27),,2000,6.9724
Europe (excl. EU-27),,2001,7.5144
Europe (excl. EU-27),,2002,7.5112
Europe (excl. EU-27),,2003,7.9469
Europe (excl. EU-27),,2004,8.0489
Europe (excl. EU-27),,2005,8.1983
Europe (excl. EU-27),,2006,8.3793
Europe (excl. EU-27),,2007,8.7621
Europe (excl. EU-27),,2008,8.7022
Europe (excl. EU-27),,2009,8.0288
Europe (excl. EU-27),,2010,8.3919
Europe (excl. EU-27),,2011,8.5037
Europe (excl. EU-27),,2012,8.714
Europe (excl. EU-27),,2013,8.5335
Europe (excl. EU-27),,2014,8.2349
Europe (excl. EU-27),,2015,7.9321
Europe (excl. EU-27),,2016,7.9464
Europe (excl. EU-27),,2017,7.9889
Europe (excl. EU-27),,2018,7.9653
Europe (excl. EU-27),,2019,7.9165
Europe (excl. EU-28),,1990,10.9882
Europe (excl. EU-28),,1991,10.929
Europe (excl. EU-28),,1992,5.6149
Europe (excl. EU-28),,1993,6.5976
Europe (excl. EU-28),,1994,6.4036
Europe (excl. EU-28),,1995,6.1932
Europe (excl. EU-28),,1996,6.9224
Europe (excl. EU-28),,1997,6.531
Europe (excl. EU-28),,1998,6.1184
Europe (excl. EU-28),,1999,5.88
Europe (excl. EU-28),,2000,5.7984
Europe (excl. EU-28),,2001,6.4374
Europe (excl. EU-28),,2002,6.4628
Europe (excl. EU-28),,2003,6.9434
Europe (excl. EU-28),,2004,6.9832
Europe (excl. EU-28),,2005,7.2208
Europe (excl. EU-28),,2006,7.4
Europe (excl. EU-28),,2007,7.8714
Europe (excl. EU-28),,2008,7.9839
Europe (excl. EU-28),,2009,7.3848
Europe (excl. EU-28),,2010,7.7574
Europe (excl. EU-28),,2011,8.1408
Europe (excl. EU-28),,2012,8.3802
Europe (excl. EU-28),,2013,8.2682
Europe (excl. EU-28),,2014,8.016
Europe (excl. EU-28),,2015,7.7258
Europe (excl. EU-28),,2016,7.8762
Europe (excl. EU-28),,2017,7.9727
Europe (excl. EU-28),,2018,7.9457
Europe (excl. EU-28),,2019,7.9751
Finland,FIN,1990,16.055
Finland,FIN,1991,14.7645
Finland,FIN,1992,20.2891
Finland,FIN,1993,16.6257
Finland,FIN,1994,15.2575
Finland,FIN,1995,14.5993
Finland,FIN,1996,14.4744
Finland,FIN,1997,14.2179
Finland,FIN,1998,13.8223
Finland,FIN,1999,14.2801
Finland,FIN,2000,14.358
Finland,FIN,2001,14.9651
Finland,FIN,2002,14.7951
Finland,FIN,2003,16.6389
Finland,FIN,2004,17.1651
Finland,FIN,2005,15.5177
Finland,FIN,2006,17.8458
Finland,FIN,2007,17.7525
Finland,FIN,2008,16.0658
Finland,FIN,2009,13.5353
Finland,FIN,2010,15.5024
Finland,FIN,2011,14.0947
Finland,FIN,2012,13.3939
Finland,FIN,2013,12.8046
Finland,FIN,2014,12.3635
Finland,FIN,2015,11.8779
Finland,FIN,2016,11.9381
Finland,FIN,2017,11.5932
Finland,FIN,2018,12.2574
Finland,FIN,2019,11.2905
France,FRA,1990,8.6613
France,FRA,1991,8.8317
France,FRA,1992,9.4702
France,FRA,1993,8.7378
France,FRA,1994,8.5021
France,FRA,1995,8.6358
France,FRA,1996,8.6866
France,FRA,1997,8.4189
France,FRA,1998,8.7481
France,FRA,1999,8.7254
France,FRA,2000,8.8279
France,FRA,2001,8.7145
France,FRA,2002,8.6677
France,FRA,2003,8.6277
France,FRA,2004,8.9919
France,FRA,2005,8.871
France,FRA,2006,8.6439
France,FRA,2007,8.8856
France,FRA,2008,8.6567
France,FRA,2009,8.0439
France,FRA,2010,8.0677
France,FRA,2011,8.3952
France,FRA,2012,7.483
France,FRA,2013,7.3133
France,FRA,2014,6.8684
France,FRA,2015,6.7385
France,FRA,2016,6.672
France,FRA,2017,6.7978
France,FRA,2018,6.6867
France,FRA,2019,6.4825
Georgia,GEO,1990,1.8402
Georgia,GEO,1991,2.1185
Georgia,GEO,1992,1.7866
Georgia,GEO,1993,1.5497
Georgia,GEO,1994,0.9636
Georgia,GEO,1995,0.4535
Georgia,GEO,1996,1.6946
Georgia,GEO,1997,1.4831
Georgia,GEO,1998,1.6507
Georgia,GEO,1999,1.3481
Georgia,GEO,2000,1.2797
Georgia,GEO,2001,1.2578
Georgia,GEO,2002,1.1705
Georgia,GEO,2003,1.3562
Georgia,GEO,2004,1.5908
Georgia,GEO,2005,1.8288
Georgia,GEO,2006,2.1401
Georgia,GEO,2007,2.2961
Georgia,GEO,2008,2.2065
Georgia,GEO,2009,1.8709
Georgia,GEO,2010,2.0057
Georgia,GEO,2011,2.2918
Georgia,GEO,2012,2.6083
Georgia,GEO,2013,2.6243
Georgia,GEO,2014,2.8092
Georgia,GEO,2015,2.8542
Georgia,GEO,2016,2.8763
Georgia,GEO,2017,2.8318
Georgia,GEO,2018,2.8323
Georgia,GEO,2019,2.6536
Germany,DEU,1990,15.0499
Germany,DEU,1991,14.329
Germany,DEU,1992,14.9895
Germany,DEU,1993,14.3458
Germany,DEU,1994,13.953
Germany,DEU,1995,13.9931
Germany,DEU,1996,13.7436
Germany,DEU,1997,13.1972
Germany,DEU,1998,13.2551
Germany,DEU,1999,13.3626
Germany,DEU,2000,13.4212
Germany,DEU,2001,13.351
Germany,DEU,2002,12.9765
Germany,DEU,2003,13.0527
Germany,DEU,2004,13.1061
Germany,DEU,2005,12.867
Germany,DEU,2006,13.2391
Germany,DEU,2007,12.5707
Germany,DEU,2008,12.476
Germany,DEU,2009,11.5124
Germany,DEU,2010,12.0991
Germany,DEU,2011,12.1003
Germany,DEU,2012,11.3912
Germany,DEU,2013,11.3683
Germany,DEU,2014,10.9129
Germany,DEU,2015,10.7057
Germany,DEU,2016,10.6319
Germany,DEU,2017,10.554
Germany,DEU,2018,10.3683
Germany,DEU,2019,9.8751
Ghana,GHA,1990,0.3274
Ghana,GHA,1991,0.3467
Ghana,GHA,1992,0.3059
Ghana,GHA,1993,0.3358
Ghana,GHA,1994,0.3752
Ghana,GHA,1995,0.3738
Ghana,GHA,1996,0.4301
Ghana,GHA,1997,0.4939
Ghana,GHA,1998,0.4737
Ghana,GHA,1999,0.4963
Ghana,GHA,2000,0.4628
Ghana,GHA,2001,0.4825
Ghana,GHA,2002,0.4812
Ghana,GHA,2003,0.522
Ghana,GHA,2004,0.5597
Ghana,GHA,2005,0.5633
Ghana,GHA,2006,0.6219
Ghana,GHA,2007,0.6548
Ghana,GHA,2008,0.6346
Ghana,GHA,2009,0.5332
Ghana,GHA,2010,0.5959
Ghana,GHA,2011,0.7235
Ghana,GHA,2012,0.8625
Ghana,GHA,2013,0.7908
Ghana,GHA,2014,0.7714
Ghana,GHA,2015,0.7432
Ghana,GHA,2016,0.7243
Ghana,GHA,2017,0.626
Ghana,GHA,2018,0.6982
Ghana,GHA,2019,0.6758
Greece,GRC,1990,9.3955
Greece,GRC,1991,9.2271
Greece,GRC,1992,9.975
Greece,GRC,1993,9.391
Greece,GRC,1994,9.2937
Greece,GRC,1995,9.3272
Greece,GRC,1996,9.0969
Greece,GRC,1997,9.1807
Greece,GRC,1998,9.8159
Greece,GRC,1999,9.393
Greece,GRC,2000,9.8253
Greece,GRC,2001,9.8503
Greece,GRC,2002,10.0441
Greece,GRC,2003,8.7392
Greece,GRC,2004,8.5276
Greece,GRC,2005,8.6529
Greece,GRC,2006,9.0529
Greece,GRC,2007,8.8802
Greece,GRC,2008,9.0222
Greece,GRC,2009,10.16
Greece,GRC,2010,8.9761
Greece,GRC,2011,8.0027
Greece,GRC,2012,7.4863
Greece,GRC,2013,6.4901
Greece,GRC,2014,6.132
Greece,GRC,2015,5.934
Greece,GRC,2016,5.7812
Greece,GRC,2017,5.8081
Greece,GRC,2018,5.5389
Greece,GRC,2019,5.1324
Guatemala,GTM,1990,0.7252
Guatemala,GTM,1991,0.7105
Guatemala,GTM,1992,0.8275
Guatemala,GTM,1993,0.7571
Guatemala,GTM,1994,0.8422
Guatemala,GTM,1995,0.8728
Guatemala,GTM,1996,0.8165
Guatemala,GTM,1997,0.9315
Guatemala,GTM,1998,1.0788
Guatemala,GTM,1999,1.0688
Guatemala,GTM,2000,1.1107
Guatemala,GTM,2001,1.1677
Guatemala,GTM,2002,1.2936
Guatemala,GTM,2003,1.1148
Guatemala,GTM,2004,1.1447
Guatemala,GTM,2005,1.2475
Guatemala,GTM,2006,1.2602
Guatemala,GTM,2007,1.2301
Guatemala,GTM,2008,1.1552
Guatemala,GTM,2009,1.0784
Guatemala,GTM,2010,1.0917
Guatemala,GTM,2011,1.1695
Guatemala,GTM,2012,1.1813
Guatemala,GTM,2013,1.2109
Guatemala,GTM,2014,1.2299
Guatemala,GTM,2015,1.2896
Guatemala,GTM,2016,1.3018
Guatemala,GTM,2017,1.302
Guatemala,GTM,2018,1.3618
Guatemala,GTM,2019,1.486
Guinea,GIN,1990,0.158
Guinea,GIN,1991,0.157
Guinea,GIN,1992,0.1577
Guinea,GIN,1993,0.1578
Guinea,GIN,1994,0.1589
Guinea,GIN,1995,0.1603
Guinea,GIN,1996,0.1654
Guinea,GIN,1997,0.1683
Guinea,GIN,1998,0.1734
Guinea,GIN,1999,0.1779
Guinea,GIN,2000,0.181
Guinea,GIN,2001,0.1854
Guinea,GIN,2002,0.189
Guinea,GIN,2003,0.1942
Guinea,GIN,2004,0.1974
Guinea,GIN,2005,0.2003
Guinea,GIN,2006,0.2031
Guinea,GIN,2007,0.2067
Guinea,GIN,2008,0.205
Guinea,GIN,2009,0.2118
Guinea,GIN,2010,0.2437
Guinea,GIN,2011,0.2489
Guinea,GIN,2012,0.2274
Guinea,GIN,2013,0.1937
Guinea,GIN,2014,0.1942
Guinea,GIN,2015,0.2144
Guinea,GIN,2016,0.2338
Guinea,GIN,2017,0.2684
Guinea,GIN,2018,0.2969
Guinea,GIN,2019,0.291
Honduras,HND,1990,0.6499
Honduras,HND,1991,0.6449
Honduras,HND,1992,0.7026
Honduras,HND,1993,0.6829
Honduras,HND,1994,0.7038
Honduras,HND,1995,0.7595
Honduras,HND,1996,0.7968
Honduras,HND,1997,0.8801
Honduras,HND,1998,0.9871
Honduras,HND,1999,1.0538
Honduras,HND,2000,1.1586
Honduras,HND,2001,1.2293
Honduras,HND,2002,1.3839
Honduras,HND,2003,1.2853
Honduras,HND,2004,1.25
Honduras,HND,2005,1.2609
Honduras,HND,2006,1.2804
Honduras,HND,2007,1.3572
Honduras,HND,2008,1.3452
Honduras,HND,2009,1.2085
Honduras,HND,2010,1.2251
Honduras,HND,2011,1.2142
Honduras,HND,2012,1.4028
Honduras,HND,2013,1.3352
Honduras,HND,2014,1.3162
Honduras,HND,2015,1.3096
Honduras,HND,2016,1.2309
Honduras,HND,2017,1.1766
Honduras,HND,2018,1.2823
Honduras,HND,2019,1.3129
Hong Kong,HKG,1990,15.3097
Hong Kong,HKG,1991,16.182
Hong Kong,HKG,1992,17.3966
Hong Kong,HKG,1993,16.5167
Hong Kong,HKG,1994,20.7428
Hong Kong,HKG,1995,21.3646
Hong Kong,HKG,1996,20.4568
Hong Kong,HKG,1997,22.5655
Hong Kong,HKG,1998,18.6231
Hong Kong,HKG,1999,16.2297
Hong Kong,HKG,2000,16.9034
Hong Kong,HKG,2001,17.502
Hong Kong,HKG,2002,15.4733
Hong Kong,HKG,2003,14.4734
Hong Kong,HKG,2004,12.976
Hong Kong,HKG,2005,14.3871
Hong Kong,HKG,2006,15.0014
Hong Kong,HKG,2007,12.6454
Hong Kong,HKG,2008,13.759
Hong Kong,HKG,2009,12.2854
Hong Kong,HKG,2010,13.094
Hong Kong,HKG,2011,11.7111
Hong Kong,HKG,2012,15.9942
Hong Kong,HKG,2013,16.6868
Hong Kong,HKG,2014,16.3578
Hong Kong,HKG,2015,15.3053
Hong Kong,HKG,2016,14.4736
Hong Kong,HKG,2017,14.5995
Hong Kong,HKG,2018,14.7718
Hong Kong,HKG,2019,14.5542
Hungary,HUN,1990,8.6248
Hungary,HUN,1991,7.8976
Hungary,HUN,1992,8.8812
Hungary,HUN,1993,8.2015
Hungary,HUN,1994,7.5222
Hungary,HUN,1995,7.1899
Hungary,HUN,1996,6.7432
Hungary,HUN,1997,6.6653
Hungary,HUN,1998,6.803
Hungary,HUN,1999,6.9317
Hungary,HUN,2000,6.8632
Hungary,HUN,2001,7.0839
Hungary,HUN,2002,7.5072
Hungary,HUN,2003,8.0345
Hungary,HUN,2004,7.695
Hungary,HUN,2005,7.7124
Hungary,HUN,2006,8.2357
Hungary,HUN,2007,8.1044
Hungary,HUN,2008,8.146
Hungary,HUN,2009,6.7877
Hungary,HUN,2010,7.003
Hungary,HUN,2011,6.9718
Hungary,HUN,2012,6.4629
Hungary,HUN,2013,6.3272
Hungary,HUN,2014,6.2936
Hungary,HUN,2015,6.489
Hungary,HUN,2016,6.4492
Hungary,HUN,2017,6.7289
Hungary,HUN,2018,6.9099
Hungary,HUN,2019,6.7588
India,IND,1990,0.6618
India,IND,1991,0.6724
India,IND,1992,0.7133
India,IND,1993,0.7052
India,IND,1994,0.7269
India,IND,1995,0.7492
India,IND,1996,0.7841
India,IND,1997,0.8047
India,IND,1998,0.8066
India,IND,1999,0.8727
India,IND,2000,0.849
India,IND,2001,0.8567
India,IND,2002,0.86
India,IND,2003,0.891
India,IND,2004,0.9331
India,IND,2005,0.9549
India,IND,2006,1.0124
India,IND,2007,1.0796
India,IND,2008,1.1359
India,IND,2009,1.2644
India,IND,2010,1.2871
India,IND,2011,1.3309
India,IND,2012,1.4397
India,IND,2013,1.4276
India,IND,2014,1.5292
India,IND,2015,1.5862
India,IND,2016,1.6448
India,IND,2017,1.6757
India,IND,2018,1.7472
India,IND,2019,1.7641
Indonesia,IDN,1990,0.7917
Indonesia,IDN,1991,0.8954
Indonesia,IDN,1992,1.0049
Indonesia,IDN,1993,1.0404
Indonesia,IDN,1994,1.0473
Indonesia,IDN,1995,1.0582
Indonesia,IDN,1996,1.1591
Indonesia,IDN,1997,1.2261
Indonesia,IDN,1998,0.6828
Indonesia,IDN,1999,1.0137
Indonesia,IDN,2000,1.1234
Indonesia,IDN,2001,1.2069
Indonesia,IDN,2002,1.3063
Indonesia,IDN,2003,1.4203
Indonesia,IDN,2004,1.4076
Indonesia,IDN,2005,1.4183
Indonesia,IDN,2006,1.4356
Indonesia,IDN,2007,1.5933
Indonesia,IDN,2008,1.5665
Indonesia,IDN,2009,1.6928
Indonesia,IDN,2010,1.8766
Indonesia,IDN,2011,2.0628
Indonesia,IDN,2012,2.176
Indonesia,IDN,2013,2.0659
Indonesia,IDN,2014,2.0503
Indonesia,IDN,2015,2.2066
Indonesia,IDN,2016,2.2161
Indonesia,IDN,2017,2.23
Indonesia,IDN,2018,2.3379
Indonesia,IDN,2019,2.4882
Iran,IRN,1990,3.59
Iran,IRN,1991,3.7693
Iran,IRN,1992,3.7324
Iran,IRN,1993,3.5755
Iran,IRN,1994,3.873
Iran,IRN,1995,4.0709
Iran,IRN,1996,4.2027
Iran,IRN,1997,4.2229
Iran,IRN,1998,4.8153
Iran,IRN,1999,5.0923
Iran,IRN,2000,4.8605
Iran,IRN,2001,5.2366
Iran,IRN,2002,5.0634
Iran,IRN,2003,5.9309
Iran,IRN,2004,6.1589
Iran,IRN,2005,6.2185
Iran,IRN,2006,6.6425
Iran,IRN,2007,6.9682
Iran,IRN,2008,7.0693
Iran,IRN,2009,7.2246
Iran,IRN,2010,7.4674
Iran,IRN,2011,7.3843
Iran,IRN,2012,7.383
Iran,IRN,2013,7.2299
Iran,IRN,2014,7.6595
Iran,IRN,2015,7.5261
Iran,IRN,2016,7.3835
Iran,IRN,2017,7.9767
Iran,IRN,2018,7.8998
Iran,IRN,2019,8.7432
Ireland,IRL,1990,11.2338
Ireland,IRL,1991,11.6442
Ireland,IRL,1992,12.0096
Ireland,IRL,1993,11.3376
Ireland,IRL,1994,11.4654
Ireland,IRL,1995,11.6439
Ireland,IRL,1996,13.5779
Ireland,IRL,1997,13.3168
Ireland,IRL,1998,13.2232
Ireland,IRL,1999,14.5352
Ireland,IRL,2000,14.7636
Ireland,IRL,2001,14.7687
Ireland,IRL,2002,14.7555
Ireland,IRL,2003,15.9809
Ireland,IRL,2004,16.5418
Ireland,IRL,2005,17.0987
Ireland,IRL,2006,16.6519
Ireland,IRL,2007,16.025
Ireland,IRL,2008,14.3297
Ireland,IRL,2009,11.5621
Ireland,IRL,2010,10.6736
Ireland,IRL,2011,10.242
Ireland,IRL,2012,9.9527
Ireland,IRL,2013,9.7907
Ireland,IRL,2014,9.4159
Ireland,IRL,2015,8.9307
Ireland,IRL,2016,9.0707
Ireland,IRL,2017,8.9005
Ireland,IRL,2018,8.7226
Ireland,IRL,2019,8.4454
Israel,ISR,1990,11.1718
Israel,ISR,1991,10.9323
Israel,ISR,1992,12.2258
Israel,ISR,1993,11.8365
Israel,ISR,1994,12.0126
Israel,ISR,1995,12.3007
Israel,ISR,1996,12.3333
Israel,ISR,1997,12.4526
Israel,ISR,1998,12.4785
Israel,ISR,1999,10.8656
Israel,ISR,2000,11.1235
Israel,ISR,2001,11.5609
Israel,ISR,2002,10.7602
Israel,ISR,2003,12.2614
Israel,ISR,2004,11.4813
Israel,ISR,2005,11.0782
Israel,ISR,2006,11.5385
Israel,ISR,2007,11.3788
Israel,ISR,2008,11.8274
Israel,ISR,2009,10.6276
Israel,ISR,2010,11.2599
Israel,ISR,2011,11.3375
Israel,ISR,2012,11.8708
Israel,ISR,2013,10.3717
Israel,ISR,2014,9.994
Israel,ISR,2015,9.9114
Israel,ISR,2016,9.5218
Israel,ISR,2017,9.2945
Israel,ISR,2018,9.4534
Israel,ISR,2019,9.3479
Italy,ITA,1990,9.867
Italy,ITA,1991,9.7735
Italy,ITA,1992,10.6546
Italy,ITA,1993,9.7338
Italy,ITA,1994,9.4305
Italy,ITA,1995,9.7826
Italy,ITA,1996,9.232
Italy,ITA,1997,9.3756
Italy,ITA,1998,9.6045
Italy,ITA,1999,9.9117
Italy,ITA,2000,10.3117
Italy,ITA,2001,10.0752
Italy,ITA,2002,10.3167
Italy,ITA,2003,10.2368
Italy,ITA,2004,10.5895
Italy,ITA,2005,10.5127
Italy,ITA,2006,10.8238
Italy,ITA,2007,10.6441
Italy,ITA,2008,10.5876
Italy,ITA,2009,9.308
Italy,ITA,2010,9.7651
Italy,ITA,2011,9.7196
Italy,ITA,2012,8.7172
Italy,ITA,2013,8.0177
Italy,ITA,2014,7.7087
Italy,ITA,2015,7.6339
Italy,ITA,2016,7.5044
Italy,ITA,2017,7.557
Italy,ITA,2018,7.6937
Italy,ITA,2019,7.4343
Jamaica,JAM,1990,3.0562
Jamaica,JAM,1991,3.0234
Jamaica,JAM,1992,2.8631
Jamaica,JAM,1993,3.1144
Jamaica,JAM,1994,3.0183
Jamaica,JAM,1995,3.4249
Jamaica,JAM,1996,2.8331
Jamaica,JAM,1997,3.0608
Jamaica,JAM,1998,3.7949
Jamaica,JAM,1999,3.668
Jamaica,JAM,2000,2.8176
Jamaica,JAM,2001,3.8559
Jamaica,JAM,2002,3.0574
Jamaica,JAM,2003,3.924
Jamaica,JAM,2004,4.1755
Jamaica,JAM,2005,4.5541
Jamaica,JAM,2006,5.2771
Jamaica,JAM,2007,5.2299
Jamaica,JAM,2008,5.0726
Jamaica,JAM,2009,3.1724
Jamaica,JAM,2010,3.4104
Jamaica,JAM,2011,3.9061
Jamaica,JAM,2012,3.7264
Jamaica,JAM,2013,3.8429
Jamaica,JAM,2014,3.4763
Jamaica,JAM,2015,3.299
Jamaica,JAM,2016,3.0744
Jamaica,JAM,2017,2.9672
Jamaica,JAM,2018,2.9356
Jamaica,JAM,2019,2.8457
Japan,JPN,1990,10.6181
Japan,JPN,1991,10.7313
Japan,JPN,1992,11.3963
Japan,JPN,1993,11.1321
Japan,JPN,1994,11.6642
Japan,JPN,1995,11.8888
Japan,JPN,1996,11.7913
Japan,JPN,1997,11.5685
Japan,JPN,1998,10.7955
Japan,JPN,1999,11.454
Japan,JPN,2000,12.0112
Japan,JPN,2001,11.6385
Japan,JPN,2002,11.7129
Japan,JPN,2003,11.8124
Japan,JPN,2004,11.7745
Japan,JPN,2005,11.8856
Japan,JPN,2006,11.6893
Japan,JPN,2007,11.8068
Japan,JPN,2008,11.5691
Japan,JPN,2009,10.6036
Japan,JPN,2010,11.1371
Japan,JPN,2011,11.8584
Japan,JPN,2012,12.1456
Japan,JPN,2013,11.8206
Japan,JPN,2014,11.3009
Japan,JPN,2015,10.8172
Japan,JPN,2016,10.682
Japan,JPN,2017,10.5729
Japan,JPN,2018,10.38
Japan,JPN,2019,10.1534
Jordan,JOR,1990,4.466
Jordan,JOR,1991,3.8036
Jordan,JOR,1992,4.2582
Jordan,JOR,1993,3.8716
Jordan,JOR,1994,4.0292
Jordan,JOR,1995,3.9591
Jordan,JOR,1996,3.1723
Jordan,JOR,1997,3.5812
Jordan,JOR,1998,3.6196
Jordan,JOR,1999,3.3598
Jordan,JOR,2000,3.2914
Jordan,JOR,2001,3.8162
Jordan,JOR,2002,4.102
Jordan,JOR,2003,3.9795
Jordan,JOR,2004,4.4043
Jordan,JOR,2005,4.6885
Jordan,JOR,2006,4.3617
Jordan,JOR,2007,4.1571
Jordan,JOR,2008,4.1877
Jordan,JOR,2009,4.2979
Jordan,JOR,2010,3.7831
Jordan,JOR,2011,3.6979
Jordan,JOR,2012,3.4443
Jordan,JOR,2013,3.9583
Jordan,JOR,2014,3.8926
Jordan,JOR,2015,3.6477
Jordan,JOR,2016,3.3862
Jordan,JOR,2017,3.4994
Jordan,JOR,2018,3.4821
Jordan,JOR,2019,3.3767
Kazakhstan,KAZ,1990,17.7759
Kazakhstan,KAZ,1991,13.1349
Kazakhstan,KAZ,1992,8.1738
Kazakhstan,KAZ,1993,10.6545
Kazakhstan,KAZ,1994,9.3396
Kazakhstan,KAZ,1995,8.6287
Kazakhstan,KAZ,1996,7.7821
Kazakhstan,KAZ,1997,7.3873
Kazakhstan,KAZ,1998,7.7629
Kazakhstan,KAZ,1999,6.8403
Kazakhstan,KAZ,2000,7.4468
Kazakhstan,KAZ,2001,7.9029
Kazakhstan,KAZ,2002,8.4239
Kazakhstan,KAZ,2003,8.9792
Kazakhstan,KAZ,2004,9.1608
Kazakhstan,KAZ,2005,10.0575
Kazakhstan,KAZ,2006,11.8029
Kazakhstan,KAZ,2007,12.2062
Kazakhstan,KAZ,2008,11.4182
Kazakhstan,KAZ,2009,10.4725
Kazakhstan,KAZ,2010,9.6908
Kazakhstan,KAZ,2011,8.9777
Kazakhstan,KAZ,2012,10.4946
Kazakhstan,KAZ,2013,11.4704
Kazakhstan,KAZ,2014,12.131
Kazakhstan,KAZ,2015,13.9804
Kazakhstan,KAZ,2016,13.181
Kazakhstan,KAZ,2017,13.5592
Kazakhstan,KAZ,2018,13.0723
Kazakhstan,KAZ,2019,12.3227
Kenya,KEN,1990,0.3356
Kenya,KEN,1991,0.2914
Kenya,KEN,1992,0.3267
Kenya,KEN,1993,0.3289
Kenya,KEN,1994,0.3311
Kenya,KEN,1995,0.3656
Kenya,KEN,1996,0.328
Kenya,KEN,1997,0.3101
Kenya,KEN,1998,0.4292
Kenya,KEN,1999,0.3659
Kenya,KEN,2000,0.3191
Kenya,KEN,2001,0.3162
Kenya,KEN,2002,0.216
Kenya,KEN,2003,0.2732
Kenya,KEN,2004,0.298
Kenya,KEN,2005,0.3348
Kenya,KEN,2006,0.3731
Kenya,KEN,2007,0.3736
Kenya,KEN,2008,0.3809
Kenya,KEN,2009,0.4508
Kenya,KEN,2010,0.4259
Kenya,KEN,2011,0.4536
Kenya,KEN,2012,0.4463
Kenya,KEN,2013,0.5169
Kenya,KEN,2014,0.516
Kenya,KEN,2015,0.5322
Kenya,KEN,2016,0.532
Kenya,KEN,2017,0.5145
Kenya,KEN,2018,0.5443
Kenya,KEN,2019,0.5333
Kuwait,KWT,1990,18.6953
Kuwait,KWT,1991,11.0753
Kuwait,KWT,1992,17.5765
Kuwait,KWT,1993,27.1895
Kuwait,KWT,1994,31.8036
Kuwait,KWT,1995,32.354
Kuwait,KWT,1996,27.0279
Kuwait,KWT,1997,28.0362
Kuwait,KWT,1998,29.1885
Kuwait,KWT,1999,22.4358
Kuwait,KWT,2000,14.9604
Kuwait,KWT,2001,18.6056
Kuwait,KWT,2002,19.642
Kuwait,KWT,2003,23.9279
Kuwait,KWT,2004,24.3146
Kuwait,KWT,2005,25.5514
Kuwait,KWT,2006,26.2147
Kuwait,KWT,2007,27.4344
Kuwait,KWT,2008,27.6819
Kuwait,KWT,2009,25.7416
Kuwait,KWT,2010,25.0266
Kuwait,KWT,2011,22.2416
Kuwait,KWT,2012,22.4955
Kuwait,KWT,2013,20.5596
Kuwait,KWT,2014,18.7212
Kuwait,KWT,2015,22.4756
Kuwait,KWT,2016,24.205
Kuwait,KWT,2017,22.1631
Kuwait,KWT,2018,21.2676
Kuwait,KWT,2019,21.3186
Kyrgyzstan,KGZ,1990,4.4269
Kyrgyzstan,KGZ,1991,3.8442
Kyrgyzstan,KGZ,1992,3.8975
Kyrgyzstan,KGZ,1993,2.8239
Kyrgyzstan,KGZ,1994,2.216
Kyrgyzstan,KGZ,1995,2.1663
Kyrgyzstan,KGZ,1996,1.8305
Kyrgyzstan,KGZ,1997,1.1657
Kyrgyzstan,KGZ,1998,2.0824
Kyrgyzstan,KGZ,1999,1.1569
Kyrgyzstan,KGZ,2000,0.9785
Kyrgyzstan,KGZ,2001,0.8038
Kyrgyzstan,KGZ,2002,0.9258
Kyrgyzstan,KGZ,2003,1.2092
Kyrgyzstan,KGZ,2004,1.3245
Kyrgyzstan,KGZ,2005,1.5733
Kyrgyzstan,KGZ,2006,2.074
Kyrgyzstan,KGZ,2007,1.4322
Kyrgyzstan,KGZ,2008,1.5249
Kyrgyzstan,KGZ,2009,2.3934
Kyrgyzstan,KGZ,2010,2.1933
Kyrgyzstan,KGZ,2011,2.3863
Kyrgyzstan,KGZ,2012,2.8419
Kyrgyzstan,KGZ,2013,2.7832
Kyrgyzstan,KGZ,2014,2.8235
Kyrgyzstan,KGZ,2015,2.7139
Kyrgyzstan,KGZ,2016,2.4863
Kyrgyzstan,KGZ,2017,2.4633
Kyrgyzstan,KGZ,2018,2.8418
Kyrgyzstan,KGZ,2019,2.6081
Laos,LAO,1990,0.1939
Laos,LAO,1991,0.2032
Laos,LAO,1992,0.2102
Laos,LAO,1993,0.2104
Laos,LAO,1994,0.2255
Laos,LAO,1995,0.2455
Laos,LAO,1996,0.2508
Laos,LAO,1997,0.2425
Laos,LAO,1998,0.2478
Laos,LAO,1999,0.2353
Laos,LAO,2000,0.3602
Laos,LAO,2001,0.298
Laos,LAO,2002,0.3334
Laos,LAO,2003,0.3214
Laos,LAO,2004,0.3327
Laos,LAO,2005,0.3403
Laos,LAO,2006,0.4357
Laos,LAO,2007,0.465
Laos,LAO,2008,0.5361
Laos,LAO,2009,0.6464
Laos,LAO,2010,0.704
Laos,LAO,2011,0.8063
Laos,LAO,2012,0.9149
Laos,LAO,2013,1.1907
Laos,LAO,2014,1.178
Laos,LAO,2015,1.7155
Laos,LAO,2016,2.278
Laos,LAO,2017,2.6518
Laos,LAO,2018,2.7209
Laos,LAO,2019,4.1793
Latvia,LVA,1990,7.9713
Latvia,LVA,1991,7.3855
Latvia,LVA,1992,6.859
Latvia,LVA,1993,5.5311
Latvia,LVA,1994,5.2845
Latvia,LVA,1995,4.9731
Latvia,LVA,1996,5.7004
Latvia,LVA,1997,5.5746
Latvia,LVA,1998,5.5694
Latvia,LVA,1999,5.1909
Latvia,LVA,2000,5.2661
Latvia,LVA,2001,5.2522
Latvia,LVA,2002,5.017
Latvia,LVA,2003,6.2989
Latvia,LVA,2004,6.2403
Latvia,LVA,2005,5.8413
Latvia,LVA,2006,6.8491
Latvia,LVA,2007,7.6972
Latvia,LVA,2008,7.5274
Latvia,LVA,2009,6.0816
Latvia,LVA,2010,6.2641
Latvia,LVA,2011,6.2265
Latvia,LVA,2012,6.4106
Latvia,LVA,2013,6.2094
Latvia,LVA,2014,6.1426
Latvia,LVA,2015,6.1477
Latvia,LVA,2016,6.1229
Latvia,LVA,2017,6.3297
Latvia,LVA,2018,6.8808
Latvia,LVA,2019,6.6111
Lithuania,LTU,1990,11.4759
Lithuania,LTU,1991,12.1782
Lithuania,LTU,1992,13.7717
Lithuania,LTU,1993,8.5144
Lithuania,LTU,1994,7.5903
Lithuania,LTU,1995,7.4972
Lithuania,LTU,1996,6.1537
Lithuania,LTU,1997,5.9483
Lithuania,LTU,1998,6.1948
Lithuania,LTU,1999,5.5421
Lithuania,LTU,2000,5.1712
Lithuania,LTU,2001,5.0121
Lithuania,LTU,2002,6.0169
Lithuania,LTU,2003,5.8633
Lithuania,LTU,2004,5.7943
Lithuania,LTU,2005,5.9827
Lithuania,LTU,2006,7.0295
Lithuania,LTU,2007,7.4563
Lithuania,LTU,2008,7.2345
Lithuania,LTU,2009,6.2436
Lithuania,LTU,2010,6.3763
Lithuania,LTU,2011,7.5048
Lithuania,LTU,2012,7.0593
Lithuania,LTU,2013,6.9894
Lithuania,LTU,2014,7.1504
Lithuania,LTU,2015,7.3956
Lithuania,LTU,2016,7.3805
Lithuania,LTU,2017,7.5568
Lithuania,LTU,2018,8.1147
Lithuania,LTU,2019,7.8357
Luxembourg,LUX,1990,30.969
Luxembourg,LUX,1991,32.2064
Luxembourg,LUX,1992,31.1952
Luxembourg,LUX,1993,31.135
Luxembourg,LUX,1994,28.6815
Luxembourg,LUX,1995,22.4227
Luxembourg,LUX,1996,22.2262
Luxembourg,LUX,1997,20.3676
Luxembourg,LUX,1998,18.0259
Luxembourg,LUX,1999,19.9176
Luxembourg,LUX,2000,17.6852
Luxembourg,LUX,2001,18.9708
Luxembourg,LUX,2002,20.3387
Luxembourg,LUX,2003,24.5612
Luxembourg,LUX,2004,29.1484
Luxembourg,LUX,2005,31.7968
Luxembourg,LUX,2006,37.0441
Luxembourg,LUX,2007,23.1728
Luxembourg,LUX,2008,53.4883
Luxembourg,LUX,2009,53.0652
Luxembourg,LUX,2010,49.6216
Luxembourg,LUX,2011,20.379
Luxembourg,LUX,2012,47.0579
Luxembourg,LUX,2013,44.8592
Luxembourg,LUX,2014,41.9748
Luxembourg,LUX,2015,41.7332
Luxembourg,LUX,2016,39.3985
Luxembourg,LUX,2017,39.1214
Luxembourg,LUX,2018,38.4207
Luxembourg,LUX,2019,36.4358
Madagascar,MDG,1990,0.1148
Madagascar,MDG,1991,0.1175
Madagascar,MDG,1992,0.1141
Madagascar,MDG,1993,0.1161
Madagascar,MDG,1994,0.1299
Madagascar,MDG,1995,0.1287
Madagascar,MDG,1996,0.1083
Madagascar,MDG,1997,0.1253
Madagascar,MDG,1998,0.1532
Madagascar,MDG,1999,0.1671
Madagascar,MDG,2000,0.1431
Madagascar,MDG,2001,0.1418
Madagascar,MDG,2002,0.0997
Madagascar,MDG,2003,0.1708
Madagascar,MDG,2004,0.137
Madagascar,MDG,2005,0.1806
Madagascar,MDG,2006,0.1502
Madagascar,MDG,2007,0.166
Madagascar,MDG,2008,0.2004
Madagascar,MDG,2009,0.1797
Madagascar,MDG,2010,0.161
Madagascar,MDG,2011,0.169
Madagascar,MDG,2012,0.1957
Madagascar,MDG,2013,0.2138
Madagascar,MDG,2014,0.1997
Madagascar,MDG,2015,0.192
Madagascar,MDG,2016,0.1846
Madagascar,MDG,2017,0.2041
Madagascar,MDG,2018,0.2026
Madagascar,MDG,2019,0.1968
Malawi,MWI,1990,0.1615
Malawi,MWI,1991,0.1609
Malawi,MWI,1992,0.159
Malawi,MWI,1993,0.177
Malawi,MWI,1994,0.18
Malawi,MWI,1995,0.1842
Malawi,MWI,1996,0.2081
Malawi,MWI,1997,0.2027
Malawi,MWI,1998,0.1899
Malawi,MWI,1999,0.1813
Malawi,MWI,2000,0.1582
Malawi,MWI,2001,0.1505
Malawi,MWI,2002,0.1727
Malawi,MWI,2003,0.1608
Malawi,MWI,2004,0.1504
Malawi,MWI,2005,0.154
Malawi,MWI,2006,0.1499
Malawi,MWI,2007,0.1461
Malawi,MWI,2008,0.1748
Malawi,MWI,2009,0.1895
Malawi,MWI,2010,0.1859
Malawi,MWI,2011,0.1717
Malawi,MWI,2012,0.141
Malawi,MWI,2013,0.1898
Malawi,MWI,2014,0.1778
Malawi,MWI,2015,0.1697
Malawi,MWI,2016,0.1751
Malawi,MWI,2017,0.1727
Malawi,MWI,2018,0.1848
Malawi,MWI,2019,0.1792
Malaysia,MYS,1990,3.6507
Malaysia,MYS,1991,3.9231
Malaysia,MYS,1992,4.2756
Malaysia,MYS,1993,4.4561
Malaysia,MYS,1994,4.4222
Malaysia,MYS,1995,4.8837
Malaysia,MYS,1996,4.852
Malaysia,MYS,1997,5.2758
Malaysia,MYS,1998,3.6251
Malaysia,MYS,1999,4.2057
Malaysia,MYS,2000,4.8023
Malaysia,MYS,2001,4.8903
Malaysia,MYS,2002,5.2396
Malaysia,MYS,2003,5.3741
Malaysia,MYS,2004,5.6293
Malaysia,MYS,2005,5.8713
Malaysia,MYS,2006,5.8189
Malaysia,MYS,2007,5.8957
Malaysia,MYS,2008,6.483
Malaysia,MYS,2009,6.1181
Malaysia,MYS,2010,6.8095
Malaysia,MYS,2011,6.8779
Malaysia,MYS,2012,7.3285
Malaysia,MYS,2013,8.2226
Malaysia,MYS,2014,8.1478
Malaysia,MYS,2015,7.8041
Malaysia,MYS,2016,7.9478
Malaysia,MYS,2017,7.8052
Malaysia,MYS,2018,8.2768
Malaysia,MYS,2019,8.3281
Malta,MLT,1990,9.2623
Malta,MLT,1991,8.7844
Malta,MLT,1992,9.343
Malta,MLT,1993,9.9745
Malta,MLT,1994,9.6719
Malta,MLT,1995,9.7139
Malta,MLT,1996,9.939
Malta,MLT,1997,9.2201
Malta,MLT,1998,11.9701
Malta,MLT,1999,10.5975
Malta,MLT,2000,11.8873
Malta,MLT,2001,11.9079
Malta,MLT,2002,9.9532
Malta,MLT,2003,13.1454
Malta,MLT,2004,8.883
Malta,MLT,2005,10.7939
Malta,MLT,2006,12.7314
Malta,MLT,2007,9.2312
Malta,MLT,2008,14.7221
Malta,MLT,2009,14.0353
Malta,MLT,2010,13.139
Malta,MLT,2011,14.8068
Malta,MLT,2012,17.972
Malta,MLT,2013,13.03
Malta,MLT,2014,12.8425
Malta,MLT,2015,11.93
Malta,MLT,2016,11.1831
Malta,MLT,2017,11.7017
Malta,MLT,2018,12.1815
Malta,MLT,2019,11.9426
Mauritius,MUS,1990,2.425
Mauritius,MUS,1991,2.5194
Mauritius,MUS,1992,2.7556
Mauritius,MUS,1993,2.803
Mauritius,MUS,1994,2.7585
Mauritius,MUS,1995,2.9491
Mauritius,MUS,1996,3.222
Mauritius,MUS,1997,3.1735
Mauritius,MUS,1998,3.1113
Mauritius,MUS,1999,3.3727
Mauritius,MUS,2000,3.7003
Mauritius,MUS,2001,3.5727
Mauritius,MUS,2002,3.601
Mauritius,MUS,2003,3.8852
Mauritius,MUS,2004,4.0341
Mauritius,MUS,2005,3.7579
Mauritius,MUS,2006,4.2184
Mauritius,MUS,2007,3.9955
Mauritius,MUS,2008,4.2963
Mauritius,MUS,2009,4.0537
Mauritius,MUS,2010,4.0679
Mauritius,MUS,2011,4.7117
Mauritius,MUS,2012,4.1651
Mauritius,MUS,2013,4.2523
Mauritius,MUS,2014,4.214
Mauritius,MUS,2015,4.1246
Mauritius,MUS,2016,4.2405
Mauritius,MUS,2017,4.4131
Mauritius,MUS,2018,4.5524
Mauritius,MUS,2019,4.4554
Mexico,MEX,1990,3.8257
Mexico,MEX,1991,3.9572
Mexico,MEX,1992,3.973
Mexico,MEX,1993,3.9735
Mexico,MEX,1994,4.0392
Mexico,MEX,1995,3.5186
Mexico,MEX,1996,3.6653
Mexico,MEX,1997,4.0109
Mexico,MEX,1998,4.204
Mexico,MEX,1999,4.2216
Mexico,MEX,2000,4.4054
Mexico,MEX,2001,4.45
Mexico,MEX,2002,4.4223
Mexico,MEX,2003,4.5812
Mexico,MEX,2004,4.45
Mexico,MEX,2005,4.778
Mexico,MEX,2006,4.8463
Mexico,MEX,2007,4.6045
Mexico,MEX,2008,4.6815
Mexico,MEX,2009,4.4001
Mexico,MEX,2010,4.3743
Mexico,MEX,2011,4.4461
Mexico,MEX,2012,4.633
Mexico,MEX,2013,4.5685
Mexico,MEX,2014,4.4232
Mexico,MEX,2015,4.2045
Mexico,MEX,2016,4.0284
Mexico,MEX,2017,3.8441
Mexico,MEX,2018,3.7745
Mexico,MEX,2019,3.5692
Mongolia,MNG,1990,4.1253
Mongolia,MNG,1991,4.0049
Mongolia,MNG,1992,4.1176
Mongolia,MNG,1993,2.7041
Mongolia,MNG,1994,2.5837
Mongolia,MNG,1995,2.6126
Mongolia,MNG,1996,3.2558
Mongolia,MNG,1997,2.6253
Mongolia,MNG,1998,2.7455
Mongolia,MNG,1999,2.8009
Mongolia,MNG,2000,2.7679
Mongolia,MNG,2001,2.8501
Mongolia,MNG,2002,3.0175
Mongolia,MNG,2003,3.3473
Mongolia,MNG,2004,3.3517
Mongolia,MNG,2005,3.4473
Mongolia,MNG,2006,3.8653
Mongolia,MNG,2007,4.6186
Mongolia,MNG,2008,4.906
Mongolia,MNG,2009,5.1368
Mongolia,MNG,2010,5.3923
Mongolia,MNG,2011,8.3539
Mongolia,MNG,2012,12.4679
Mongolia,MNG,2013,14.6564
Mongolia,MNG,2014,9.7489
Mongolia,MNG,2015,7.9239
Mongolia,MNG,2016,8.0682
Mongolia,MNG,2017,9.9619
Mongolia,MNG,2018,13.2856
Mongolia,MNG,2019,22.749
Morocco,MAR,1990,1.252
Morocco,MAR,1991,1.2425
Morocco,MAR,1992,1.4035
Morocco,MAR,1993,1.3548
Morocco,MAR,1994,1.3584
Morocco,MAR,1995,1.3719
Morocco,MAR,1996,1.2242
Morocco,MAR,1997,1.1721
Morocco,MAR,1998,1.2547
Morocco,MAR,1999,1.3538
Morocco,MAR,2000,1.4133
Morocco,MAR,2001,1.4775
Morocco,MAR,2002,1.6082
Morocco,MAR,2003,1.3966
Morocco,MAR,2004,1.5609
Morocco,MAR,2005,1.6584
Morocco,MAR,2006,1.716
Morocco,MAR,2007,1.7687
Morocco,MAR,2008,1.9017
Morocco,MAR,2009,1.7856
Morocco,MAR,2010,1.8561
Morocco,MAR,2011,1.8999
Morocco,MAR,2012,1.9126
Morocco,MAR,2013,1.8655
Morocco,MAR,2014,1.8276
Morocco,MAR,2015,1.798
Morocco,MAR,2016,1.748
Morocco,MAR,2017,1.8058
Morocco,MAR,2018,1.8068
Morocco,MAR,2019,1.8807
Mozambique,MOZ,1990,0.241
Mozambique,MOZ,1991,0.2241
Mozambique,MOZ,1992,0.2139
Mozambique,MOZ,1993,0.2312
Mozambique,MOZ,1994,0.2203
Mozambique,MOZ,1995,0.2264
Mozambique,MOZ,1996,0.1498
Mozambique,MOZ,1997,0.1186
Mozambique,MOZ,1998,0.1706
Mozambique,MOZ,1999,0.2214
Mozambique,MOZ,2000,0.2353
Mozambique,MOZ,2001,0.2171
Mozambique,MOZ,2002,0.2315
Mozambique,MOZ,2003,0.2243
Mozambique,MOZ,2004,0.2087
Mozambique,MOZ,2005,0.2311
Mozambique,MOZ,2006,0.2932
Mozambique,MOZ,2007,0.3466
Mozambique,MOZ,2008,0.3907
Mozambique,MOZ,2009,0.426
Mozambique,MOZ,2010,0.3888
Mozambique,MOZ,2011,0.4421
Mozambique,MOZ,2012,0.4537
Mozambique,MOZ,2013,0.5651
Mozambique,MOZ,2014,0.6962
Mozambique,MOZ,2015,0.5936
Mozambique,MOZ,2016,0.6333
Mozambique,MOZ,2017,0.6053
Mozambique,MOZ,2018,0.5565
Mozambique,MOZ,2019,0.5561
Namibia,NAM,1991,0.7147
Namibia,NAM,1992,0.7584
Namibia,NAM,1993,0.893
Namibia,NAM,1994,0.9875
Namibia,NAM,1995,0.9949
Namibia,NAM,1996,1.0353
Namibia,NAM,1997,1.0422
Namibia,NAM,1998,1.0495
Namibia,NAM,1999,0.9431
Namibia,NAM,2000,2.7002
Namibia,NAM,2001,3.018
Namibia,NAM,2002,0.8176
Namibia,NAM,2003,2.2144
Namibia,NAM,2004,2.8
Namibia,NAM,2005,2.7018
Namibia,NAM,2006,2.7325
Namibia,NAM,2007,3.0608
Namibia,NAM,2008,3.6015
Namibia,NAM,2009,2.0048
Namibia,NAM,2010,1.8571
Namibia,NAM,2011,1.7653
Namibia,NAM,2012,2.3072
Namibia,NAM,2013,3.4923
Namibia,NAM,2014,3.9573
Namibia,NAM,2015,3.7622
Namibia,NAM,2016,3.8538
Namibia,NAM,2017,3.7894
Namibia,NAM,2018,3.6722
Namibia,NAM,2019,3.6395
Nepal,NPL,1990,0.0612
Nepal,NPL,1991,0.0787
Nepal,NPL,1992,0.0869
Nepal,NPL,1993,0.0934
Nepal,NPL,1994,0.1014
Nepal,NPL,1995,0.1295
Nepal,NPL,1996,0.1273
Nepal,NPL,1997,0.1358
Nepal,NPL,1998,0.1796
Nepal,NPL,1999,0.2625
Nepal,NPL,2000,0.1589
Nepal,NPL,2001,0.1625
Nepal,NPL,2002,0.1518
Nepal,NPL,2003,0.2008
Nepal,NPL,2004,0.1679
Nepal,NPL,2005,0.1772
Nepal,NPL,2006,0.1622
Nepal,NPL,2007,0.1752
Nepal,NPL,2008,0.2066
Nepal,NPL,2009,0.2762
Nepal,NPL,2010,0.3547
Nepal,NPL,2011,0.3813
Nepal,NPL,2012,0.3804
Nepal,NPL,2013,0.4749
Nepal,NPL,2014,0.5114
Nepal,NPL,2015,0.4648
Nepal,NPL,2016,0.5608
Nepal,NPL,2017,0.6157
Nepal,NPL,2018,0.6946
Nepal,NPL,2019,0.774
Netherlands,NLD,1990,13.4101
Netherlands,NLD,1991,13.8654
Netherlands,NLD,1992,15.661
Netherlands,NLD,1993,14.3206
Netherlands,NLD,1994,13.9562
Netherlands,NLD,1995,14.0881
Netherlands,NLD,1996,13.8394
Netherlands,NLD,1997,13.4032
Netherlands,NLD,1998,13.6476
Netherlands,NLD,1999,9.1168
Netherlands,NLD,2000,9.0021
Netherlands,NLD,2001,8.7353
Netherlands,NLD,2002,9.4162
Netherlands,NLD,2003,11.6636
Netherlands,NLD,2004,11.6534
Netherlands,NLD,2005,11.7223
Netherlands,NLD,2006,13.3259
Netherlands,NLD,2007,10.9773
Netherlands,NLD,2008,11.0788
Netherlands,NLD,2009,10.6758
Netherlands,NLD,2010,11.0527
Netherlands,NLD,2011,10.0573
Netherlands,NLD,2012,9.8325
Netherlands,NLD,2013,9.5546
Netherlands,NLD,2014,9.2397
Netherlands,NLD,2015,9.1154
Netherlands,NLD,2016,8.9309
Netherlands,NLD,2017,8.8436
Netherlands,NLD,2018,8.9343
Netherlands,NLD,2019,8.6533
New Zealand,NZL,1990,7.9742
New Zealand,NZL,1991,7.9129
New Zealand,NZL,1992,8.1535
New Zealand,NZL,1993,8.0204
New Zealand,NZL,1994,8.1172
New Zealand,NZL,1995,8.3332
New Zealand,NZL,1996,8.6875
New Zealand,NZL,1997,9.0775
New Zealand,NZL,1998,8.2443
New Zealand,NZL,1999,8.98
New Zealand,NZL,2000,8.5814
New Zealand,NZL,2001,8.6965
New Zealand,NZL,2002,8.9821
New Zealand,NZL,2003,9.3801
New Zealand,NZL,2004,9.6938
New Zealand,NZL,2005,10.1599
New Zealand,NZL,2006,9.5516
New Zealand,NZL,2007,9.6161
New Zealand,NZL,2008,9.6217
New Zealand,NZL,2009,8.4396
New Zealand,NZL,2010,8.4524
New Zealand,NZL,2011,8.6399
New Zealand,NZL,2012,8.828
New Zealand,NZL,2013,8.6193
New Zealand,NZL,2014,8.5776
New Zealand,NZL,2015,8.399
New Zealand,NZL,2016,8.0984
New Zealand,NZL,2017,8.2388
New Zealand,NZL,2018,8.2758
New Zealand,NZL,2019,8.3815
Nicaragua,NIC,1990,0.6137
Nicaragua,NIC,1991,0.5963
Nicaragua,NIC,1992,0.7065
Nicaragua,NIC,1993,0.6536
Nicaragua,NIC,1994,0.6822
Nicaragua,NIC,1995,0.7132
Nicaragua,NIC,1996,0.7137
Nicaragua,NIC,1997,0.7725
Nicaragua,NIC,1998,0.8309
Nicaragua,NIC,1999,0.8761
Nicaragua,NIC,2000,0.9124
Nicaragua,NIC,2001,0.9323
Nicaragua,NIC,2002,0.9551
Nicaragua,NIC,2003,1.0752
Nicaragua,NIC,2004,1.0376
Nicaragua,NIC,2005,1.0416
Nicaragua,NIC,2006,1.0569
Nicaragua,NIC,2007,1.0742
Nicaragua,NIC,2008,0.9905
Nicaragua,NIC,2009,0.9651
Nicaragua,NIC,2010,1.0148
Nicaragua,NIC,2011,1.0556
Nicaragua,NIC,2012,1.0644
Nicaragua,NIC,2013,0.9767
Nicaragua,NIC,2014,0.9733
Nicaragua,NIC,2015,1.0463
Nicaragua,NIC,2016,1.019
Nicaragua,NIC,2017,1.0118
Nicaragua,NIC,2018,0.9763
Nicaragua,NIC,2019,0.9933
Nigeria,NGA,1990,0.3976
Nigeria,NGA,1991,0.4086
Nigeria,NGA,1992,0.4385
Nigeria,NGA,1993,0.4268
Nigeria,NGA,1994,0.3508
Nigeria,NGA,1995,0.3126
Nigeria,NGA,1996,0.3301
Nigeria,NGA,1997,0.3932
Nigeria,NGA,1998,0.3667
Nigeria,NGA,1999,0.2938
Nigeria,NGA,2000,0.3821
Nigeria,NGA,2001,0.5141
Nigeria,NGA,2002,0.5601
Nigeria,NGA,2003,0.5906
Nigeria,NGA,2004,0.624
Nigeria,NGA,2005,0.6644
Nigeria,NGA,2006,0.5075
Nigeria,NGA,2007,0.5907
Nigeria,NGA,2008,0.5899
Nigeria,NGA,2009,0.5286
Nigeria,NGA,2010,0.5972
Nigeria,NGA,2011,0.6136
Nigeria,NGA,2012,0.5014
Nigeria,NGA,2013,0.6909
Nigeria,NGA,2014,0.6869
Nigeria,NGA,2015,0.6855
Nigeria,NGA,2016,0.6859
Nigeria,NGA,2017,0.6247
Nigeria,NGA,2018,0.6456
Nigeria,NGA,2019,0.6487
North America,,1990,13.9062
North America,,1991,13.5811
North America,,1992,13.8996
North America,,1993,13.8474
North America,,1994,13.9457
North America,,1995,13.8376
North America,,1996,14.096
North America,,1997,14.3018
North America,,1998,14.5405
North America,,1999,14.7199
North America,,2000,15.2452
North America,,2001,14.8765
North America,,2002,15.0311
North America,,2003,15.0497
North America,,2004,15.2621
North America,,2005,15.2889
North America,,2006,15.1218
North America,,2007,15.0483
North America,,2008,14.3085
North America,,2009,13.1093
North America,,2010,13.4398
North America,,2011,13.1535
North America,,2012,12.7573
North America,,2013,12.7793
North America,,2014,12.6749
North America,,2015,12.282
North America,,2016,11.8968
North America,,2017,11.7378
North America,,2018,11.9628
North America,,2019,11.6622
North America (excl. USA),,1990,5.0117
North America (excl. USA),,1991,5.031
North America (excl. USA),,1992,5.0972
North America (excl. USA),,1993,4.9782
North America (excl. USA),,1994,5.012
North America (excl. USA),,1995,4.7792
North America (excl. USA),,1996,4.8744
North America (excl. USA),,1997,5.2044
North America (excl. USA),,1998,5.3262
North America (excl. USA),,1999,5.2975
North America (excl. USA),,2000,5.4534
North America (excl. USA),,2001,5.3714
North America (excl. USA),,2002,5.4687
North America (excl. USA),,2003,5.3677
North America (excl. USA),,2004,5.331
North America (excl. USA),,2005,5.5477
North America (excl. USA),,2006,5.4835
North America (excl. USA),,2007,5.53
North America (excl. USA),,2008,5.4787
North America (excl. USA),,2009,5.2416
North America (excl. USA),,2010,5.3928
North America (excl. USA),,2011,5.2159
North America (excl. USA),,2012,5.4993
North America (excl. USA),,2013,5.4175
North America (excl. USA),,2014,5.2793
North America (excl. USA),,2015,5.0782
North America (excl. USA),,2016,4.8769
North America (excl. USA),,2017,4.7925
North America (excl. USA),,2018,4.7824
North America (excl. USA),,2019,4.6583
Norway,NOR,2003,9.8537
Norway,NOR,2004,9.5704
Norway,NOR,2005,9.7739
Norway,NOR,2006,10.334
Norway,NOR,2007,11.2553
Norway,NOR,2008,10.6105
Norway,NOR,2009,10.0971
Norway,NOR,2010,10.4339
Norway,NOR,2011,10.337
Norway,NOR,2012,9.9576
Norway,NOR,2013,9.5523
Norway,NOR,2014,9.4066
Norway,NOR,2015,9.4244
Norway,NOR,2016,9.4115
Norway,NOR,2017,9.2996
Norway,NOR,2018,9.1391
Norway,NOR,2019,8.9457
Oceania,,1990,10.1428
Oceania,,1991,10.053
Oceania,,1992,10.0131
Oceania,,1993,9.9215
Oceania,,1994,10.2044
Oceania,,1995,10.2185
Oceania,,1996,10.3844
Oceania,,1997,10.6218
Oceania,,1998,10.9594
Oceania,,1999,10.8513
Oceania,,2000,10.456
Oceania,,2001,10.5648
Oceania,,2002,11.1861
Oceania,,2003,11.5189
Oceania,,2004,11.8088
Oceania,,2005,11.5526
Oceania,,2006,11.8532
Oceania,,2007,11.9775
Oceania,,2008,11.6244
Oceania,,2009,11.7347
Oceania,,2010,11.5217
Oceania,,2011,11.6148
Oceania,,2012,11.9242
Oceania,,2013,11.1371
Oceania,,2014,11.2044
Oceania,,2015,11.0498
Oceania,,2016,10.6626
Oceania,,2017,10.5095
Oceania,,2018,10.1484
Oceania,,2019,9.96
Oman,OMN,1990,6.9016
Oman,OMN,1991,7.0461
Oman,OMN,1992,6.8903
Oman,OMN,1993,7.3778
Oman,OMN,1994,7.922
Oman,OMN,1995,7.9354
Oman,OMN,1996,7.4776
Oman,OMN,1997,7.656
Oman,OMN,1998,8.2665
Oman,OMN,1999,8.2395
Oman,OMN,2000,8.3884
Oman,OMN,2001,8.2884
Oman,OMN,2002,9.9998
Oman,OMN,2003,12.0105
Oman,OMN,2004,9.7556
Oman,OMN,2005,10.1203
Oman,OMN,2006,13.7612
Oman,OMN,2007,14.8746
Oman,OMN,2008,14.8981
Oman,OMN,2009,14.8716
Oman,OMN,2010,13.3764
Oman,OMN,2011,13.2634
Oman,OMN,2012,15.5528
Oman,OMN,2013,15.4106
Oman,OMN,2014,15.1232
Oman,OMN,2015,15.591
Oman,OMN,2016,15.0991
Oman,OMN,2017,14.7314
Oman,OMN,2018,12.804
Oman,OMN,2019,12.0218
Pakistan,PAK,1990,0.6712
Pakistan,PAK,1991,0.6361
Pakistan,PAK,1992,0.6796
Pakistan,PAK,1993,0.7019
Pakistan,PAK,1994,0.7373
Pakistan,PAK,1995,0.7147
Pakistan,PAK,1996,0.7747
Pakistan,PAK,1997,0.7434
Pakistan,PAK,1998,0.7174
Pakistan,PAK,1999,0.769
Pakistan,PAK,2000,0.7961
Pakistan,PAK,2001,0.7695
Pakistan,PAK,2002,0.8098
Pakistan,PAK,2003,0.7917
Pakistan,PAK,2004,0.866
Pakistan,PAK,2005,0.9184
Pakistan,PAK,2006,0.9471
Pakistan,PAK,2007,0.9769
Pakistan,PAK,2008,0.9608
Pakistan,PAK,2009,0.9318
Pakistan,PAK,2010,0.9052
Pakistan,PAK,2011,0.8904
Pakistan,PAK,2012,0.884
Pakistan,PAK,2013,0.8474
Pakistan,PAK,2014,0.8581
Pakistan,PAK,2015,0.9008
Pakistan,PAK,2016,1.0562
Pakistan,PAK,2017,1.1648
Pakistan,PAK,2018,1.1592
Pakistan,PAK,2019,1.1063
Panama,PAN,1990,1.1645
Panama,PAN,1991,1.1869
Panama,PAN,1992,1.3592
Panama,PAN,1993,1.2866
Panama,PAN,1994,1.3273
Panama,PAN,1995,1.2711
Panama,PAN,1996,1.4465
Panama,PAN,1997,1.4968
Panama,PAN,1998,1.8131
Panama,PAN,1999,1.9537
Panama,PAN,2000,1.8325
Panama,PAN,2001,1.8812
Panama,PAN,2002,1.9031
Panama,PAN,2003,0.0615
Panama,PAN,2004,0.2522
Panama,PAN,2007,0.2512
Panama,PAN,2008,1.5252
Panama,PAN,2009,4.9417
Panama,PAN,2010,6.9252
Panama,PAN,2011,4.0627
Panama,PAN,2012,7.3286
Panama,PAN,2013,6.2127
Panama,PAN,2014,6.336
Panama,PAN,2015,6.0764
Panama,PAN,2016,5.7391
Panama,PAN,2017,5.8204
Panama,PAN,2018,5.7708
Panama,PAN,2019,5.7478
Paraguay,PRY,1990,0.8915
Paraguay,PRY,1991,0.8791
Paraguay,PRY,1992,0.9766
Paraguay,PRY,1993,0.9881
Paraguay,PRY,1994,1.0921
Paraguay,PRY,1995,1.1724
Paraguay,PRY,1996,1.0811
Paraguay,PRY,1997,1.1726
Paraguay,PRY,1998,1.1223
Paraguay,PRY,1999,1.1237
Paraguay,PRY,2000,1.0063
Paraguay,PRY,2001,0.988
Paraguay,PRY,2002,0.8789
Paraguay,PRY,2003,0.9435
Paraguay,PRY,2004,0.9817
Paraguay,PRY,2005,0.9514
Paraguay,PRY,2006,1.0369
Paraguay,PRY,2007,1.0786
Paraguay,PRY,2008,1.3364
Paraguay,PRY,2009,1.1812
Paraguay,PRY,2010,1.4211
Paraguay,PRY,2011,1.4036
Paraguay,PRY,2012,1.4212
Paraguay,PRY,2013,1.4278
Paraguay,PRY,2014,1.4412
Paraguay,PRY,2015,1.4641
Paraguay,PRY,2016,1.5411
Paraguay,PRY,2017,1.6299
Paraguay,PRY,2018,1.7144
Paraguay,PRY,2019,1.6952
Peru,PER,1990,1.085
Peru,PER,1991,1.0524
Peru,PER,1992,1.0475
Peru,PER,1993,1.1355
Peru,PER,1994,1.1295
Peru,PER,1995,1.1603
Peru,PER,1996,1.1154
Peru,PER,1997,1.2222
Peru,PER,1998,1.2326
Peru,PER,1999,1.277
Peru,PER,2000,1.3044
Peru,PER,2001,1.1548
Peru,PER,2002,1.2181
Peru,PER,2003,1.08
Peru,PER,2004,1.1941
Peru,PER,2005,1.3389
Peru,PER,2006,1.1488
Peru,PER,2007,1.3293
Peru,PER,2008,1.7229
Peru,PER,2009,1.8027
Peru,PER,2010,2.0966
Peru,PER,2011,1.9016
Peru,PER,2012,2.1239
Peru,PER,2013,1.873
Peru,PER,2014,2.041
Peru,PER,2015,1.9694
Peru,PER,2016,1.9826
Peru,PER,2017,1.958
Peru,PER,2018,1.9661
Peru,PER,2019,1.9417
Philippines,PHL,1990,0.9958
Philippines,PHL,1991,0.9736
Philippines,PHL,1992,1.1668
Philippines,PHL,1993,1.0708
Philippines,PHL,1994,1.0853
Philippines,PHL,1995,1.1347
Philippines,PHL,1996,1.1008
Philippines,PHL,1997,1.187
Philippines,PHL,1998,1.0467
Philippines,PHL,1999,1.1026
Philippines,PHL,2000,1.1707
Philippines,PHL,2001,1.1105
Philippines,PHL,2002,1.0583
Philippines,PHL,2003,1.0996
Philippines,PHL,2004,1.0637
Philippines,PHL,2005,1.0821
Philippines,PHL,2006,0.9814
Philippines,PHL,2007,1.02
Philippines,PHL,2008,1.1033
Philippines,PHL,2009,1.0393
Philippines,PHL,2010,1.1179
Philippines,PHL,2011,1.1262
Philippines,PHL,2012,1.1857
Philippines,PHL,2013,1.2789
Philippines,PHL,2014,1.2916
Philippines,PHL,2015,1.3417
Philippines,PHL,2016,1.3839
Philippines,PHL,2017,1.4582
Philippines,PHL,2018,1.4936
Philippines,PHL,2019,1.5192
Poland,POL,1990,8.4886
Poland,POL,1991,8.8439
Poland,POL,1992,9.0487
Poland,POL,1993,8.7733
Poland,POL,1994,8.4231
Poland,POL,1995,8.3477
Poland,POL,1996,8.5321
Poland,POL,1997,8.3309
Poland,POL,1998,7.6558
Poland,POL,1999,7.9803
Poland,POL,2000,7.6593
Poland,POL,2001,7.5302
Poland,POL,2002,7.349
Poland,POL,2003,7.3413
Poland,POL,2004,7.5046
Poland,POL,2005,7.5117
Poland,POL,2006,7.9772
Poland,POL,2007,8.2471
Poland,POL,2008,8.3296
Poland,POL,2009,7.9099
Poland,POL,2010,8.3761
Poland,POL,2011,8.4546
Poland,POL,2012,8.2524
Poland,POL,2013,7.9749
Poland,POL,2014,7.6929
Poland,POL,2015,7.6388
Poland,POL,2016,7.6562
Poland,POL,2017,7.8602
Poland,POL,2018,7.9054
Poland,POL,2019,7.4763
Portugal,PRT,1990,5.2617
Portugal,PRT,1991,5.4707
Portugal,PRT,1992,6.0373
Portugal,PRT,1993,5.8502
Portugal,PRT,1994,5.8999
Portugal,PRT,1995,6.2767
Portugal,PRT,1996,5.9919
Portugal,PRT,1997,6.3762
Portugal,PRT,1998,6.8205
Portugal,PRT,1999,7.1909
Portugal,PRT,2000,7.581
Portugal,PRT,2001,7.4437
Portugal,PRT,2002,7.76
Portugal,PRT,2003,7.4191
Portugal,PRT,2004,7.8332
Portugal,PRT,2005,8.1655
Portugal,PRT,2006,7.6077
Portugal,PRT,2007,7.106
Portugal,PRT,2008,6.9116
Portugal,PRT,2009,6.2965
Portugal,PRT,2010,6.1157
Portugal,PRT,2011,5.9098
Portugal,PRT,2012,5.435
Portugal,PRT,2013,5.2538
Portugal,PRT,2014,5.2558
Portugal,PRT,2015,5.4617
Portugal,PRT,2016,5.3132
Portugal,PRT,2017,5.6542
Portugal,PRT,2018,5.5155
Portugal,PRT,2019,5.1917
Qatar,QAT,1990,22.5465
Qatar,QAT,1991,32.5432
Qatar,QAT,1992,46.6192
Qatar,QAT,1993,53.5688
Qatar,QAT,1994,52.8612
Qatar,QAT,1995,54.4986
Qatar,QAT,1996,54.2837
Qatar,QAT,1997,57.7921
Qatar,QAT,1998,50.3121
Qatar,QAT,1999,28.5675
Qatar,QAT,2000,27.2484
Qatar,QAT,2001,32.6
Qatar,QAT,2002,37.097
Qatar,QAT,2003,33.7533
Qatar,QAT,2004,29.8034
Qatar,QAT,2005,32.9064
Qatar,QAT,2006,30.2535
Qatar,QAT,2007,28.3056
Qatar,QAT,2008,27.6381
Qatar,QAT,2009,27.5248
Qatar,QAT,2010,22.9257
Qatar,QAT,2011,17.9277
Qatar,QAT,2012,20.4858
Qatar,QAT,2013,17.9811
Qatar,QAT,2014,19.6933
Qatar,QAT,2015,22.5716
Qatar,QAT,2016,24.5721
Qatar,QAT,2017,24.8808
Qatar,QAT,2018,24.7907
Qatar,QAT,2019,27.0814
Romania,ROU,1990,6.7319
Romania,ROU,1991,5.4542
Romania,ROU,1992,5.038
Romania,ROU,1993,4.7219
Romania,ROU,1994,4.4346
Romania,ROU,1995,4.5199
Romania,ROU,1996,4.398
Romania,ROU,1997,3.9449
Romania,ROU,1998,3.8883
Romania,ROU,1999,3.4898
Romania,ROU,2000,3.6741
Romania,ROU,2001,3.9573
Romania,ROU,2002,3.9855
Romania,ROU,2003,4.2573
Romania,ROU,2004,4.4105
Romania,ROU,2005,4.8756
Romania,ROU,2006,5.512
Romania,ROU,2007,5.1357
Romania,ROU,2008,5.2743
Romania,ROU,2009,4.1982
Romania,ROU,2010,4.181
Romania,ROU,2011,4.4549
Romania,ROU,2012,4.244
Romania,ROU,2013,3.7756
Romania,ROU,2014,3.7941
Romania,ROU,2015,3.8268
Romania,ROU,2016,3.7616
Romania,ROU,2017,3.9562
Romania,ROU,2018,4.0498
Romania,ROU,2019,3.9605
Russia,RUS,1990,13.8294
Russia,RUS,1991,14.0207
Russia,RUS,1992,5.3341
Russia,RUS,1993,7.5519
Russia,RUS,1994,7.9527
Russia,RUS,1995,7.9027
Russia,RUS,1996,8.4786
Russia,RUS,1997,7.9708
Russia,RUS,1998,7.1443
Russia,RUS,1999,6.8722
Russia,RUS,2000,6.8321
Russia,RUS,2001,7.6935
Russia,RUS,2002,7.7687
Russia,RUS,2003,8.292
Russia,RUS,2004,8.4132
Russia,RUS,2005,8.6011
Russia,RUS,2006,8.7436
Russia,RUS,2007,9.2666
Russia,RUS,2008,9.3856
Russia,RUS,2009,8.9201
Russia,RUS,2010,9.4007
Russia,RUS,2011,9.8873
Russia,RUS,2012,10.239
Russia,RUS,2013,9.9544
Russia,RUS,2014,9.8088
Russia,RUS,2015,9.5764
Russia,RUS,2016,9.768
Russia,RUS,2017,9.9135
Russia,RUS,2018,9.7076
Russia,RUS,2019,9.8216
Rwanda,RWA,1990,0.0719
Rwanda,RWA,1991,0.0666
Rwanda,RWA,1992,0.0715
Rwanda,RWA,1993,0.0771
Rwanda,RWA,1994,0.0778
Rwanda,RWA,1995,0.0779
Rwanda,RWA,1996,0.0772
Rwanda,RWA,1997,0.0752
Rwanda,RWA,1998,0.0692
Rwanda,RWA,1999,0.067
Rwanda,RWA,2000,0.0649
Rwanda,RWA,2001,0.0635
Rwanda,RWA,2002,0.0616
Rwanda,RWA,2003,0.0595
Rwanda,RWA,2004,0.0594
Rwanda,RWA,2005,0.0582
Rwanda,RWA,2006,0.0569
Rwanda,RWA,2007,0.0585
Rwanda,RWA,2008,0.0554
Rwanda,RWA,2009,0.0571
Rwanda,RWA,2010,0.0571
Rwanda,RWA,2011,0.0629
Rwanda,RWA,2012,0.0681
Rwanda,RWA,2013,0.0724
Rwanda,RWA,2014,0.0746
Rwanda,RWA,2015,0.0808
Rwanda,RWA,2016,0.0888
Rwanda,RWA,2017,0.0877
Rwanda,RWA,2018,0.0928
Rwanda,RWA,2019,0.094
Saudi Arabia,SAU,1990,11.9358
Saudi Arabia,SAU,1991,15.6658
Saudi Arabia,SAU,1992,16.6314
Saudi Arabia,SAU,1993,17.6647
Saudi Arabia,SAU,1994,16.6382
Saudi Arabia,SAU,1995,13.1747
Saudi Arabia,SAU,1996,12.7578
Saudi Arabia,SAU,1997,10.5921
Saudi Arabia,SAU,1998,11.0322
Saudi Arabia,SAU,1999,9.2832
Saudi Arabia,SAU,2000,10.0219
Saudi Arabia,SAU,2001,10.3859
Saudi Arabia,SAU,2002,10.8975
Saudi Arabia,SAU,2003,13.6121
Saudi Arabia,SAU,2004,15.3315
Saudi Arabia,SAU,2005,15.0533
Saudi Arabia,SAU,2006,16.6449
Saudi Arabia,SAU,2007,14.8526
Saudi Arabia,SAU,2008,16.0835
Saudi Arabia,SAU,2009,17.2296
Saudi Arabia,SAU,2010,18.5737
Saudi Arabia,SAU,2011,17.2826
Saudi Arabia,SAU,2012,18.6434
Saudi Arabia,SAU,2013,18.5255
Saudi Arabia,SAU,2014,20.1238
Saudi Arabia,SAU,2015,22.1469
Saudi Arabia,SAU,2016,20.5975
Saudi Arabia,SAU,2017,20.0154
Saudi Arabia,SAU,2018,18.9802
Saudi Arabia,SAU,2019,18.8335
Senegal,SEN,1990,0.4515
Senegal,SEN,1991,0.469
Senegal,SEN,1992,0.4684
Senegal,SEN,1993,0.4688
Senegal,SEN,1994,0.4752
Senegal,SEN,1995,0.4322
Senegal,SEN,1996,0.493
Senegal,SEN,1997,0.4412
Senegal,SEN,1998,0.4487
Senegal,SEN,1999,0.4671
Senegal,SEN,2000,0.494
Senegal,SEN,2001,0.527
Senegal,SEN,2002,0.6599
Senegal,SEN,2003,0.5819
Senegal,SEN,2004,0.5904
Senegal,SEN,2005,0.636
Senegal,SEN,2006,0.5637
Senegal,SEN,2007,0.5883
Senegal,SEN,2008,0.5932
Senegal,SEN,2009,0.544
Senegal,SEN,2010,0.6408
Senegal,SEN,2011,0.7058
Senegal,SEN,2012,0.7097
Senegal,SEN,2013,0.6991
Senegal,SEN,2014,0.7173
Senegal,SEN,2015,0.7203
Senegal,SEN,2016,0.7074
Senegal,SEN,2017,0.7296
Senegal,SEN,2018,0.7382
Senegal,SEN,2019,0.6871
Singapore,SGP,1990,23.7103
Singapore,SGP,1991,24.0032
Singapore,SGP,1992,26.4188
Singapore,SGP,1993,25.752
Singapore,SGP,1994,26.9936
Singapore,SGP,1995,25.7238
Singapore,SGP,1996,28.1213
Singapore,SGP,1997,30.0766
Singapore,SGP,1998,24.7705
Singapore,SGP,1999,25.6641
Singapore,SGP,2000,29.7566
Singapore,SGP,2001,24.8118
Singapore,SGP,2002,24.7858
Singapore,SGP,2003,26.4119
Singapore,SGP,2004,27.2112
Singapore,SGP,2005,32.1953
Singapore,SGP,2006,37.7759
Singapore,SGP,2007,23.8101
Singapore,SGP,2008,24.8212
Singapore,SGP,2009,22.4561
Singapore,SGP,2010,22.5527
Singapore,SGP,2011,20.9139
Singapore,SGP,2012,22.8074
Singapore,SGP,2013,22.5403
Singapore,SGP,2014,21.8018
Singapore,SGP,2015,20.4338
Singapore,SGP,2016,18.8391
Singapore,SGP,2017,19.0562
Singapore,SGP,2018,19.7486
Singapore,SGP,2019,19.1102
Slovakia,SVK,1990,13.7318
Slovakia,SVK,1991,10.768
Slovakia,SVK,1992,10.4243
Slovakia,SVK,1993,9.6309
Slovakia,SVK,1994,8.41
Slovakia,SVK,1995,8.7563
Slovakia,SVK,1996,8.9372
Slovakia,SVK,1997,8.714
Slovakia,SVK,1998,8.934
Slovakia,SVK,1999,8.3085
Slovakia,SVK,2000,8.2027
Slovakia,SVK,2001,8.4734
Slovakia,SVK,2002,8.3363
Slovakia,SVK,2003,8.1025
Slovakia,SVK,2004,8.1403
Slovakia,SVK,2005,8.2385
Slovakia,SVK,2006,8.8694
Slovakia,SVK,2007,8.9745
Slovakia,SVK,2008,9.624
Slovakia,SVK,2009,8.6308
Slovakia,SVK,2010,9.0204
Slovakia,SVK,2011,9.1984
Slovakia,SVK,2012,8.5168
Slovakia,SVK,2013,8.6081
Slovakia,SVK,2014,8.4409
Slovakia,SVK,2015,8.5524
Slovakia,SVK,2016,8.4519
Slovakia,SVK,2017,8.6809
Slovakia,SVK,2018,8.8257
Slovakia,SVK,2019,8.4301
Slovenia,SVN,1990,7.8924
Slovenia,SVN,1991,7.5064
Slovenia,SVN,1992,9.5097
Slovenia,SVN,1993,8.9064
Slovenia,SVN,1994,8.5317
Slovenia,SVN,1995,9.2627
Slovenia,SVN,1996,8.9739
Slovenia,SVN,1997,9.2768
Slovenia,SVN,1998,9.4448
Slovenia,SVN,1999,9.094
Slovenia,SVN,2000,9.5046
Slovenia,SVN,2001,9.3236
Slovenia,SVN,2002,9.4462
Slovenia,SVN,2003,9.4245
Slovenia,SVN,2004,9.4004
Slovenia,SVN,2005,9.6409
Slovenia,SVN,2006,10.5447
Slovenia,SVN,2007,10.7895
Slovenia,SVN,2008,11.14
Slovenia,SVN,2009,9.7597
Slovenia,SVN,2010,10.329
Slovenia,SVN,2011,11.3063
Slovenia,SVN,2012,9.6621
Slovenia,SVN,2013,9.3569
Slovenia,SVN,2014,8.7125
Slovenia,SVN,2015,8.7389
Slovenia,SVN,2016,8.8955
Slovenia,SVN,2017,8.9862
Slovenia,SVN,2018,9.0192
Slovenia,SVN,2019,8.9217
South Africa,ZAF,1990,5.9499
South Africa,ZAF,1991,6.3101
South Africa,ZAF,1992,5.7615
South Africa,ZAF,1993,5.8114
South Africa,ZAF,1994,6.0964
South Africa,ZAF,1995,6.2777
South Africa,ZAF,1996,5.9937
South Africa,ZAF,1997,6.2151
South Africa,ZAF,1998,5.8986
South Africa,ZAF,1999,6.3783
South Africa,ZAF,2000,6.185
South Africa,ZAF,2001,5.7235
South Africa,ZAF,2002,5.3294
South Africa,ZAF,2003,5.9911
South Africa,ZAF,2004,6.8241
South Africa,ZAF,2005,6.3034
South Africa,ZAF,2006,6.7308
South Africa,ZAF,2007,6.6981
South Africa,ZAF,2008,6.5973
South Africa,ZAF,2009,6.9349
South Africa,ZAF,2010,6.4418
South Africa,ZAF,2011,6.3747
South Africa,ZAF,2012,6.2918
South Africa,ZAF,2013,6.0811
South Africa,ZAF,2014,6.1709
South Africa,ZAF,2015,5.803
South Africa,ZAF,2016,5.7609
South Africa,ZAF,2017,5.7828
South Africa,ZAF,2018,5.725
South Africa,ZAF,2019,5.7499
South America,,1990,2.0385
South America,,1991,2.0533
South America,,1992,2.0893
South America,,1993,2.1433
South America,,1994,2.1573
South America,,1995,2.2445
South America,,1996,2.2767
South America,,1997,2.4243
South America,,1998,2.5479
South America,,1999,2.327
South America,,2000,2.2261
South America,,2001,2.2213
South America,,2002,2.0246
South America,,2003,2.114
South America,,2004,2.1203
South America,,2005,2.2239
South America,,2006,2.2616
South America,,2007,2.3986
South America,,2008,2.643
South America,,2009,2.5662
South America,,2010,2.8406
South America,,2011,2.9223
South America,,2012,3.0819
South America,,2013,3.1989
South America,,2014,3.227
South America,,2015,3.1258
South America,,2016,2.9798
South America,,2017,2.9498
South America,,2018,2.7713
South America,,2019,2.6679
South Korea,KOR,1990,7.4748
South Korea,KOR,1991,7.893
South Korea,KOR,1992,9.0406
South Korea,KOR,1993,9.1268
South Korea,KOR,1994,9.5127
South Korea,KOR,1995,9.9792
South Korea,KOR,1996,10.7836
South Korea,KOR,1997,10.8471
South Korea,KOR,1998,7.7519
South Korea,KOR,1999,9.2552
South Korea,KOR,2000,10.2158
South Korea,KOR,2001,9.9317
South Korea,KOR,2002,10.8201
South Korea,KOR,2003,11.0333
South Korea,KOR,2004,11.0674
South Korea,KOR,2005,11.8017
South Korea,KOR,2006,12.3937
South Korea,KOR,2007,12.8029
South Korea,KOR,2008,12.9367
South Korea,KOR,2009,11.7418
South Korea,KOR,2010,13.1259
South Korea,KOR,2011,13.5616
South Korea,KOR,2012,13.3052
South Korea,KOR,2013,13.3363
South Korea,KOR,2014,13.3459
South Korea,KOR,2015,13.2868
South Korea,KOR,2016,13.242
South Korea,KOR,2017,13.612
South Korea,KOR,2018,13.961
South Korea,KOR,2019,13.6145
Spain,ESP,1990,6.7601
Spain,ESP,1991,6.8888
Spain,ESP,1992,7.4197
Spain,ESP,1993,6.8876
Spain,ESP,1994,6.9513
Spain,ESP,1995,7.2247
Spain,ESP,1996,6.7892
Spain,ESP,1997,6.9093
Spain,ESP,1998,7.2803
Spain,ESP,1999,7.7731
Spain,ESP,2000,8.0841
Spain,ESP,2001,8.0901
Spain,ESP,2002,8.6368
Spain,ESP,2003,8.5079
Spain,ESP,2004,9.047
Spain,ESP,2005,9.4665
Spain,ESP,2006,9.57
Spain,ESP,2007,9.6449
Spain,ESP,2008,8.8398
Spain,ESP,2009,7.514
Spain,ESP,2010,7.3197
Spain,ESP,2011,7.1528
Spain,ESP,2012,6.6241
Spain,ESP,2013,6.0102
Spain,ESP,2014,6.0128
Spain,ESP,2015,6.1299
Spain,ESP,2016,5.8792
Spain,ESP,2017,6.1237
Spain,ESP,2018,6.1566
Spain,ESP,2019,5.8304
Sri Lanka,LKA,1990,0.3599
Sri Lanka,LKA,1991,0.393
Sri Lanka,LKA,1992,0.4425
Sri Lanka,LKA,1993,0.4393
Sri Lanka,LKA,1994,0.4751
Sri Lanka,LKA,1995,0.503
Sri Lanka,LKA,1996,0.5486
Sri Lanka,LKA,1997,0.5552
Sri Lanka,LKA,1998,0.5938
Sri Lanka,LKA,1999,0.7419
Sri Lanka,LKA,2000,0.7997
Sri Lanka,LKA,2001,0.8206
Sri Lanka,LKA,2002,0.9101
Sri Lanka,LKA,2003,0.8724
Sri Lanka,LKA,2004,0.9252
Sri Lanka,LKA,2005,0.9796
Sri Lanka,LKA,2006,0.9347
Sri Lanka,LKA,2007,0.9305
Sri Lanka,LKA,2008,1.0146
Sri Lanka,LKA,2009,0.9873
Sri Lanka,LKA,2010,1.0467
Sri Lanka,LKA,2011,1.2784
Sri Lanka,LKA,2012,1.3554
Sri Lanka,LKA,2013,1.2937
Sri Lanka,LKA,2014,1.3886
Sri Lanka,LKA,2015,1.429
Sri Lanka,LKA,2016,1.5309
Sri Lanka,LKA,2017,1.5248
Sri Lanka,LKA,2018,1.4741
Sri Lanka,LKA,2019,1.5173
Sweden,SWE,1990,9.919
Sweden,SWE,1991,9.7514
Sweden,SWE,1992,10.7153
Sweden,SWE,1993,9.8872
Sweden,SWE,1994,9.7386
Sweden,SWE,1995,9.5863
Sweden,SWE,1996,10.0829
Sweden,SWE,1997,9.4866
Sweden,SWE,1998,9.5776
Sweden,SWE,1999,9.077
Sweden,SWE,2000,9.2672
Sweden,SWE,2001,8.7799
Sweden,SWE,2002,9.045
Sweden,SWE,2003,9.6437
Sweden,SWE,2004,9.7686
Sweden,SWE,2005,9.5529
Sweden,SWE,2006,9.7715
Sweden,SWE,2007,9.9481
Sweden,SWE,2008,9.4708
Sweden,SWE,2009,8.0028
Sweden,SWE,2010,9.1974
Sweden,SWE,2011,8.7604
Sweden,SWE,2012,8.2274
Sweden,SWE,2013,7.7851
Sweden,SWE,2014,7.4476
Sweden,SWE,2015,7.2397
Sweden,SWE,2016,7.1106
Sweden,SWE,2017,7.1225
Sweden,SWE,2018,7.1256
Sweden,SWE,2019,6.7643
Switzerland,CHE,1990,12.7916
Switzerland,CHE,1991,12.9821
Switzerland,CHE,1992,13.9053
Switzerland,CHE,1993,12.5841
Switzerland,CHE,1994,12.3587
Switzerland,CHE,1995,12.8005
Switzerland,CHE,1996,15.2196
Switzerland,CHE,1997,13.4682
Switzerland,CHE,1998,16.2686
Switzerland,CHE,1999,14.8382
Switzerland,CHE,2000,16.0039
Switzerland,CHE,2001,14.4134
Switzerland,CHE,2002,13.3651
Switzerland,CHE,2003,15.0886
Switzerland,CHE,2004,15.0822
Switzerland,CHE,2005,15.1536
Switzerland,CHE,2006,14.6067
Switzerland,CHE,2007,15.3548
Switzerland,CHE,2008,15.556
Switzerland,CHE,2009,14.3171
Switzerland,CHE,2010,14.0243
Switzerland,CHE,2011,15.4128
Switzerland,CHE,2012,14.3049
Switzerland,CHE,2013,15.8114
Switzerland,CHE,2014,15.0524
Switzerland,CHE,2015,14.3851
Switzerland,CHE,2016,13.9628
Switzerland,CHE,2017,14.0614
Switzerland,CHE,2018,14.0846
Switzerland,CHE,2019,13.5077
Taiwan,TWN,1990,8.5381
Taiwan,TWN,1991,8.4621
Taiwan,TWN,1992,10.5605
Taiwan,TWN,1993,9.9368
Taiwan,TWN,1994,9.9065
Taiwan,TWN,1995,10.1269
Taiwan,TWN,1996,9.3448
Taiwan,TWN,1997,10.1636
Taiwan,TWN,1998,10.0143
Taiwan,TWN,1999,10.3467
Taiwan,TWN,2000,11.2326
Taiwan,TWN,2001,9.9587
Taiwan,TWN,2002,10.6183
Taiwan,TWN,2003,11.1086
Taiwan,TWN,2004,12.3712
Taiwan,TWN,2005,12.1789
Taiwan,TWN,2006,12.1574
Taiwan,TWN,2007,12.3952
Taiwan,TWN,2008,11.727
Taiwan,TWN,2009,10.578
Taiwan,TWN,2010,11.9419
Taiwan,TWN,2011,11.7198
Taiwan,TWN,2012,11.7632
Taiwan,TWN,2013,11.5848
Taiwan,TWN,2014,11.5212
Taiwan,TWN,2015,11.2879
Taiwan,TWN,2016,11.2811
Taiwan,TWN,2017,11.563
Taiwan,TWN,2018,11.7978
Taiwan,TWN,2019,11.558
Tanzania,TZA,1990,0.1364
Tanzania,TZA,1991,0.1403
Tanzania,TZA,1992,0.1336
Tanzania,TZA,1993,0.1385
Tanzania,TZA,1994,0.1257
Tanzania,TZA,1995,0.1329
Tanzania,TZA,1996,0.124
Tanzania,TZA,1997,0.1363
Tanzania,TZA,1998,0.1309
Tanzania,TZA,1999,0.1339
Tanzania,TZA,2000,0.1471
Tanzania,TZA,2001,0.1533
Tanzania,TZA,2002,0.1635
Tanzania,TZA,2003,0.1731
Tanzania,TZA,2004,0.1814
Tanzania,TZA,2005,0.2145
Tanzania,TZA,2006,0.2405
Tanzania,TZA,2007,0.2223
Tanzania,TZA,2008,0.2616
Tanzania,TZA,2009,0.2498
Tanzania,TZA,2010,0.2661
Tanzania,TZA,2011,0.3155
Tanzania,TZA,2012,0.3574
Tanzania,TZA,2013,0.4049
Tanzania,TZA,2014,0.3891
Tanzania,TZA,2015,0.3776
Tanzania,TZA,2016,0.3652
Tanzania,TZA,2017,0.3652
Tanzania,TZA,2018,0.3703
Tanzania,TZA,2019,0.3568
Thailand,THA,1990,2.1322
Thailand,THA,1991,2.1449
Thailand,THA,1992,2.7183
Thailand,THA,1993,2.6474
Thailand,THA,1994,2.6963
Thailand,THA,1995,2.9317
Thailand,THA,1996,3.0562
Thailand,THA,1997,2.8342
Thailand,THA,1998,2.1021
Thailand,THA,1999,2.3645
Thailand,THA,2000,2.4553
Thailand,THA,2001,2.5168
Thailand,THA,2002,2.5053
Thailand,THA,2003,2.8406
Thailand,THA,2004,3.1539
Thailand,THA,2005,3.3393
Thailand,THA,2006,3.2571
Thailand,THA,2007,3.2569
Thailand,THA,2008,3.3861
Thailand,THA,2009,3.364
Thailand,THA,2010,3.7157
Thailand,THA,2011,3.8232
Thailand,THA,2012,4.0971
Thailand,THA,2013,4.2367
Thailand,THA,2014,4.1283
Thailand,THA,2015,4.0581
Thailand,THA,2016,3.9508
Thailand,THA,2017,4.0098
Thailand,THA,2018,4.0245
Thailand,THA,2019,4.0376
Togo,TGO,1990,0.3377
Togo,TGO,1991,0.3557
Togo,TGO,1992,0.3545
Togo,TGO,1993,0.3594
Togo,TGO,1994,0.3563
Togo,TGO,1995,0.3972
Togo,TGO,1996,0.3806
Togo,TGO,1997,0.3004
Togo,TGO,1998,0.402
Togo,TGO,1999,0.4
Togo,TGO,2000,0.3259
Togo,TGO,2001,0.3417
Togo,TGO,2002,0.3681
Togo,TGO,2003,0.4932
Togo,TGO,2004,0.4849
Togo,TGO,2005,0.5758
Togo,TGO,2006,0.5969
Togo,TGO,2007,0.8048
Togo,TGO,2008,0.6504
Togo,TGO,2009,0.6974
Togo,TGO,2010,0.7283
Togo,TGO,2011,0.7014
Togo,TGO,2012,1.2354
Togo,TGO,2013,1.0102
Togo,TGO,2014,0.9722
Togo,TGO,2015,0.9445
Togo,TGO,2016,0.9307
Togo,TGO,2017,0.9153
Togo,TGO,2018,0.925
Togo,TGO,2019,0.889
Trinidad and Tobago,TTO,1990,9.6175
Trinidad and Tobago,TTO,1991,10.0972
Trinidad and Tobago,TTO,1992,11.2987
Trinidad and Tobago,TTO,1993,10.3297
Trinidad and Tobago,TTO,1994,9.791
Trinidad and Tobago,TTO,1995,8.898
Trinidad and Tobago,TTO,1996,11.3757
Trinidad and Tobago,TTO,1997,11.7925
Trinidad and Tobago,TTO,1998,11.986
Trinidad and Tobago,TTO,1999,10.7998
Trinidad and Tobago,TTO,2000,10.0128
Trinidad and Tobago,TTO,2001,11.9853
Trinidad and Tobago,TTO,2002,14.0492
Trinidad and Tobago,TTO,2003,15.4878
Trinidad and Tobago,TTO,2004,14.5518
Trinidad and Tobago,TTO,2005,14.2846
Trinidad and Tobago,TTO,2006,10.3844
Trinidad and Tobago,TTO,2007,15.0047
Trinidad and Tobago,TTO,2008,15.1825
Trinidad and Tobago,TTO,2009,22.3081
Trinidad and Tobago,TTO,2010,21.4033
Trinidad and Tobago,TTO,2011,17.8513
Trinidad and Tobago,TTO,2012,17.9847
Trinidad and Tobago,TTO,2013,17.411
Trinidad and Tobago,TTO,2014,19.9322
Trinidad and Tobago,TTO,2015,21.9102
Trinidad and Tobago,TTO,2016,21.5882
Trinidad and Tobago,TTO,2017,20.2729
Trinidad and Tobago,TTO,2018,20.0415
Trinidad and Tobago,TTO,2019,21.6816
Tunisia,TUN,1990,1.9549
Tunisia,TUN,1991,2.0353
Tunisia,TUN,1992,2.486
Tunisia,TUN,1993,2.2635
Tunisia,TUN,1994,1.9867
Tunisia,TUN,1995,1.9735
Tunisia,TUN,1996,2.0154
Tunisia,TUN,1997,2.0585
Tunisia,TUN,1998,1.9397
Tunisia,TUN,1999,2.025
Tunisia,TUN,2000,2.328
Tunisia,TUN,2001,2.1842
Tunisia,TUN,2002,2.239
Tunisia,TUN,2003,2.08
Tunisia,TUN,2004,2.1475
Tunisia,TUN,2005,2.0846
Tunisia,TUN,2006,2.1553
Tunisia,TUN,2007,2.1143
Tunisia,TUN,2008,2.3144
Tunisia,TUN,2009,2.2211
Tunisia,TUN,2010,2.4016
Tunisia,TUN,2011,2.2906
Tunisia,TUN,2012,2.2098
Tunisia,TUN,2013,2.3847
Tunisia,TUN,2014,2.4523
Tunisia,TUN,2015,2.52
Tunisia,TUN,2016,2.4324
Tunisia,TUN,2017,2.4266
Tunisia,TUN,2018,2.3668
Tunisia,TUN,2019,2.4178
Turkey,TUR,1990,3.9447
Turkey,TUR,1991,3.8527
Turkey,TUR,1992,4.4168
Turkey,TUR,1993,4.0408
Turkey,TUR,1994,3.6137
Turkey,TUR,1995,3.7825
Turkey,TUR,1996,3.5281
Turkey,TUR,1997,3.704
Turkey,TUR,1998,3.6955
Turkey,TUR,1999,3.6727
Turkey,TUR,2000,4.208
Turkey,TUR,2001,3.3013
Turkey,TUR,2002,3.6011
Turkey,TUR,2003,3.7881
Turkey,TUR,2004,4.0976
Turkey,TUR,2005,4.4392
Turkey,TUR,2006,4.6424
Turkey,TUR,2007,5.2049
Turkey,TUR,2008,5.0687
Turkey,TUR,2009,4.6842
Turkey,TUR,2010,5.0305
Turkey,TUR,2011,5.2631
Turkey,TUR,2012,5.2789
Turkey,TUR,2013,5.1995
Turkey,TUR,2014,5.1975
Turkey,TUR,2015,5.2481
Turkey,TUR,2016,5.3713
Turkey,TUR,2017,5.4738
Turkey,TUR,2018,5.191
Turkey,TUR,2019,4.7789
Uganda,UGA,1990,0.0874
Uganda,UGA,1991,0.0861
Uganda,UGA,1992,0.0864
Uganda,UGA,1993,0.0926
Uganda,UGA,1994,0.0866
Uganda,UGA,1995,0.096
Uganda,UGA,1996,0.081
Uganda,UGA,1997,0.0856
Uganda,UGA,1998,0.1135
Uganda,UGA,1999,0.1136
Uganda,UGA,2000,0.0943
Uganda,UGA,2001,0.112
Uganda,UGA,2002,0.0968
Uganda,UGA,2003,0.1105
Uganda,UGA,2004,0.1114
Uganda,UGA,2005,0.1265
Uganda,UGA,2006,0.1495
Uganda,UGA,2007,0.1492
Uganda,UGA,2008,0.1584
Uganda,UGA,2009,0.1746
Uganda,UGA,2010,0.1859
Uganda,UGA,2011,0.1868
Uganda,UGA,2012,0.1857
Uganda,UGA,2013,0.181
Uganda,UGA,2014,0.1848
Uganda,UGA,2015,0.1841
Uganda,UGA,2016,0.1826
Uganda,UGA,2017,0.1849
Uganda,UGA,2018,0.1849
Uganda,UGA,2019,0.1816
Ukraine,UKR,1990,9.8259
Ukraine,UKR,1991,8.9301
Ukraine,UKR,1992,8.6103
Ukraine,UKR,1993,7.3141
Ukraine,UKR,1994,5.4025
Ukraine,UKR,1995,4.3566
Ukraine,UKR,1996,5.556
Ukraine,UKR,1997,5.4234
Ukraine,UKR,1998,4.8941
Ukraine,UKR,1999,4.7864
Ukraine,UKR,2000,4.3316
Ukraine,UKR,2001,5.2194
Ukraine,UKR,2002,5.201
Ukraine,UKR,2003,4.7815
Ukraine,UKR,2004,4.5654
Ukraine,UKR,2005,5.2169
Ukraine,UKR,2006,5.4872
Ukraine,UKR,2007,5.9152
Ukraine,UKR,2008,5.9705
Ukraine,UKR,2009,5.1075
Ukraine,UKR,2010,5.3475
Ukraine,UKR,2011,5.7368
Ukraine,UKR,2012,5.7625
Ukraine,UKR,2013,5.7538
Ukraine,UKR,2014,4.9669
Ukraine,UKR,2015,4.3534
Ukraine,UKR,2016,4.6006
Ukraine,UKR,2017,4.5637
Ukraine,UKR,2018,4.9747
Ukraine,UKR,2019,4.8758
United Arab Emirates,ARE,1990,30.7065
United Arab Emirates,ARE,1991,31.7796
United Arab Emirates,ARE,1992,31.1608
United Arab Emirates,ARE,1993,32.0566
United Arab Emirates,ARE,1994,33.961
United Arab Emirates,ARE,1995,32.1187
United Arab Emirates,ARE,1996,31.4529
United Arab Emirates,ARE,1997,30.3531
United Arab Emirates,ARE,1998,33.1677
United Arab Emirates,ARE,1999,27.2393
United Arab Emirates,ARE,2000,32.8945
United Arab Emirates,ARE,2001,31.689
United Arab Emirates,ARE,2002,28.0028
United Arab Emirates,ARE,2003,34.7646
United Arab Emirates,ARE,2004,35.8142
United Arab Emirates,ARE,2005,35.7395
United Arab Emirates,ARE,2006,32.6592
United Arab Emirates,ARE,2007,32.924
United Arab Emirates,ARE,2008,34.4854
United Arab Emirates,ARE,2009,24.7409
United Arab Emirates,ARE,2010,24.0908
United Arab Emirates,ARE,2011,25.3955
United Arab Emirates,ARE,2012,24.1581
United Arab Emirates,ARE,2013,25.1018
United Arab Emirates,ARE,2014,24.8713
United Arab Emirates,ARE,2015,24.7409
United Arab Emirates,ARE,2016,23.9373
United Arab Emirates,ARE,2017,21.4212
United Arab Emirates,ARE,2018,21.314
United Arab Emirates,ARE,2019,20.6502
United Kingdom,GBR,1990,11.6991
United Kingdom,GBR,1991,11.7999
United Kingdom,GBR,1992,12.0424
United Kingdom,GBR,1993,11.4071
United Kingdom,GBR,1994,11.2701
United Kingdom,GBR,1995,11.1639
United Kingdom,GBR,1996,11.645
United Kingdom,GBR,1997,11.5483
United Kingdom,GBR,1998,11.93
United Kingdom,GBR,1999,11.6706
United Kingdom,GBR,2000,11.8101
United Kingdom,GBR,2001,11.9165
United Kingdom,GBR,2002,11.7624
United Kingdom,GBR,2003,11.9814
United Kingdom,GBR,2004,12.2942
United Kingdom,GBR,2005,12.0529
United Kingdom,GBR,2006,12.198
United Kingdom,GBR,2007,12.1935
United Kingdom,GBR,2008,11.4361
United Kingdom,GBR,2009,10.4523
United Kingdom,GBR,2010,10.7559
United Kingdom,GBR,2011,9.8443
United Kingdom,GBR,2012,9.9383
United Kingdom,GBR,2013,9.5008
United Kingdom,GBR,2014,9.0281
United Kingdom,GBR,2015,8.6756
United Kingdom,GBR,2016,8.1978
United Kingdom,GBR,2017,8.0465
United Kingdom,GBR,2018,8.0346
United Kingdom,GBR,2019,7.7106
United States,USA,1990,19.9579
United States,USA,1991,19.4435
United States,USA,1992,19.9794
United States,USA,1993,20.0141
United States,USA,1994,20.1927
United States,USA,1995,20.2006
United States,USA,1996,20.5954
United States,USA,1997,20.7284
United States,USA,1998,21.0616
United States,USA,1999,21.4015
United States,USA,2000,22.2068
United States,USA,2001,21.657
United States,USA,2002,21.88
United States,USA,2003,22.0152
United States,USA,2004,22.4396
United States,USA,2005,22.3607
United States,USA,2006,22.1494
United States,USA,2007,22.018
United States,USA,2008,20.8017
United States,USA,2009,18.9205
United States,USA,2010,19.4108
United States,USA,2011,19.0719
United States,USA,2012,18.1959
United States,USA,2013,18.3237
United States,USA,2014,18.2731
United States,USA,2015,17.7628
United States,USA,2016,17.2645
United States,USA,2017,17.0748
United States,USA,2018,17.5074
United States,USA,2019,17.0963
Uruguay,URY,1990,1.5836
Uruguay,URY,1991,1.7409
Uruguay,URY,1992,1.9479
Uruguay,URY,1993,1.7777
Uruguay,URY,1994,1.687
Uruguay,URY,1995,1.8697
Uruguay,URY,1996,2.2468
Uruguay,URY,1997,2.4446
Uruguay,URY,1998,2.5786
Uruguay,URY,1999,3.0103
Uruguay,URY,2000,2.5587
Uruguay,URY,2001,2.3069
Uruguay,URY,2002,1.9132
Uruguay,URY,2003,1.9769
Uruguay,URY,2004,2.3117
Uruguay,URY,2005,2.5084
Uruguay,URY,2006,2.714
Uruguay,URY,2007,2.6641
Uruguay,URY,2008,3.3374
Uruguay,URY,2009,3.0653
Uruguay,URY,2010,3.0701
Uruguay,URY,2011,3.5481
Uruguay,URY,2012,4.0561
Uruguay,URY,2013,3.8048
Uruguay,URY,2014,3.5492
Uruguay,URY,2015,3.375
Uruguay,URY,2016,3.2593
Uruguay,URY,2017,3.1966
Uruguay,URY,2018,3.4129
Uruguay,URY,2019,3.3519
Venezuela,VEN,1990,4.8013
Venezuela,VEN,1991,4.8639
Venezuela,VEN,1992,4.6242
Venezuela,VEN,1993,5.1803
Venezuela,VEN,1994,5.0838
Venezuela,VEN,1995,5.3056
Venezuela,VEN,1996,4.4285
Venezuela,VEN,1997,5.2109
Venezuela,VEN,1998,6.6702
Venezuela,VEN,1999,4.9257
Venezuela,VEN,2000,3.6285
Venezuela,VEN,2001,4.8859
Venezuela,VEN,2002,4.1713
Venezuela,VEN,2003,5.3465
Venezuela,VEN,2004,4.2499
Venezuela,VEN,2005,4.4503
Venezuela,VEN,2006,4.0535
Venezuela,VEN,2007,4.239
Venezuela,VEN,2008,4.7829
Venezuela,VEN,2009,5.922
Venezuela,VEN,2010,5.6284
Venezuela,VEN,2011,5.3771
Venezuela,VEN,2012,5.9098
Venezuela,VEN,2013,6.4385
Venezuela,VEN,2014,6.2064
Venezuela,VEN,2015,6.4432
Venezuela,VEN,2016,6.1005
Venezuela,VEN,2017,5.9758
Venezuela,VEN,2018,4.9169
Venezuela,VEN,2019,4.2273
Vietnam,VNM,1990,0.3412
Vietnam,VNM,1991,0.3328
Vietnam,VNM,1992,0.3268
Vietnam,VNM,1993,0.347
Vietnam,VNM,1994,0.3858
Vietnam,VNM,1995,0.4148
Vietnam,VNM,1996,0.4923
Vietnam,VNM,1997,0.5877
Vietnam,VNM,1998,0.6018
Vietnam,VNM,1999,0.5479
Vietnam,VNM,2000,0.6068
Vietnam,VNM,2001,0.6739
Vietnam,VNM,2002,0.7779
Vietnam,VNM,2003,1.0264
Vietnam,VNM,2004,1.1367
Vietnam,VNM,2005,1.2107
Vietnam,VNM,2006,1.2969
Vietnam,VNM,2007,1.3755
Vietnam,VNM,2008,1.5497
Vietnam,VNM,2009,1.6475
Vietnam,VNM,2010,1.7863
Vietnam,VNM,2011,1.878
Vietnam,VNM,2012,1.8117
Vietnam,VNM,2013,2.0783
Vietnam,VNM,2014,2.1559
Vietnam,VNM,2015,2.219
Vietnam,VNM,2016,2.1221
Vietnam,VNM,2017,2.0954
Vietnam,VNM,2018,2.2455
Vietnam,VNM,2019,2.4183
World,OWID_WRL,1959,2.9723
World,OWID_WRL,1960,3.0927
World,OWID_WRL,1961,3.0459
World,OWID_WRL,1962,3.0948
World,OWID_WRL,1963,3.1989
World,OWID_WRL,1964,3.3076
World,OWID_WRL,1965,3.3888
World,OWID_WRL,1966,3.4818
World,OWID_WRL,1967,3.5194
World,OWID_WRL,1968,3.635
World,OWID_WRL,1969,3.797
World,OWID_WRL,1970,4.0256
World,OWID_WRL,1971,4.1047
World,OWID_WRL,1972,4.2115
World,OWID_WRL,1973,4.3482
World,OWID_WRL,1974,4.2484
World,OWID_WRL,1975,4.1786
World,OWID_WRL,1976,4.3286
World,OWID_WRL,1977,4.3727
World,OWID_WRL,1978,4.4297
World,OWID_WRL,1979,4.4767
World,OWID_WRL,1980,4.3722
World,OWID_WRL,1981,4.1937
World,OWID_WRL,1982,4.088
World,OWID_WRL,1983,4.0425
World,OWID_WRL,1984,4.1088
World,OWID_WRL,1985,4.1712
World,OWID_WRL,1986,4.1567
World,OWID_WRL,1987,4.209
World,OWID_WRL,1988,4.2953
World,OWID_WRL,1989,4.2782
World,OWID_WRL,1990,4.2702
World,OWID_WRL,1991,4.292
World,OWID_WRL,1992,4.1044
World,OWID_WRL,1993,4.0855
World,OWID_WRL,1994,4.0551
World,OWID_WRL,1995,4.0831
World,OWID_WRL,1996,4.1469
World,OWID_WRL,1997,4.1152
World,OWID_WRL,1998,4.0446
World,OWID_WRL,1999,4.0432
World,OWID_WRL,2000,4.1073
World,OWID_WRL,2001,4.0899
World,OWID_WRL,2002,4.1319
World,OWID_WRL,2003,4.2885
World,OWID_WRL,2004,4.4305
World,OWID_WRL,2005,4.5249
World,OWID_WRL,2006,4.6172
World,OWID_WRL,2007,4.6962
World,OWID_WRL,2008,4.7235
World,OWID_WRL,2009,4.5987
World,OWID_WRL,2010,4.7927
World,OWID_WRL,2011,4.895
World,OWID_WRL,2012,4.9079
World,OWID_WRL,2013,4.893
World,OWID_WRL,2014,4.8707
World,OWID_WRL,2015,4.8097
World,OWID_WRL,2016,4.7496
World,OWID_WRL,2017,4.7595
World,OWID_WRL,2018,4.8022
World,OWID_WRL,2019,4.7582
World,OWID_WRL,2020,4.4654
Zambia,ZMB,1990,0.3359
Zambia,ZMB,1991,0.3551
Zambia,ZMB,1992,0.3561
Zambia,ZMB,1993,0.3718
Zambia,ZMB,1994,0.3677
Zambia,ZMB,1995,0.3558
Zambia,ZMB,1996,0.3432
Zambia,ZMB,1997,0.4314
Zambia,ZMB,1998,0.3963
Zambia,ZMB,1999,0.3149
Zambia,ZMB,2000,0.3712
Zambia,ZMB,2001,0.3652
Zambia,ZMB,2002,0.362
Zambia,ZMB,2003,0.349
Zambia,ZMB,2004,0.3213
Zambia,ZMB,2005,0.3281
Zambia,ZMB,2006,0.3847
Zambia,ZMB,2007,0.413
Zambia,ZMB,2008,0.5403
Zambia,ZMB,2009,0.4578
Zambia,ZMB,2010,0.4248
Zambia,ZMB,2011,0.5281
Zambia,ZMB,2012,0.4778
Zambia,ZMB,2013,0.5689
Zambia,ZMB,2014,0.5838
Zambia,ZMB,2015,0.5531
Zambia,ZMB,2016,0.5667
Zambia,ZMB,2017,0.575
Zambia,ZMB,2018,0.5826
Zambia,ZMB,2019,0.5609
Zimbabwe,ZWE,1990,1.7032
Zimbabwe,ZWE,1991,1.6251
Zimbabwe,ZWE,1992,1.6227
Zimbabwe,ZWE,1993,1.5288
Zimbabwe,ZWE,1994,1.5614
Zimbabwe,ZWE,1995,1.4166
Zimbabwe,ZWE,1996,1.4293
Zimbabwe,ZWE,1997,1.3069
Zimbabwe,ZWE,1998,1.1734
Zimbabwe,ZWE,1999,1.1859
Zimbabwe,ZWE,2000,0.9771
Zimbabwe,ZWE,2001,0.9172
Zimbabwe,ZWE,2002,1.022
Zimbabwe,ZWE,2003,0.8437
Zimbabwe,ZWE,2004,0.799
Zimbabwe,ZWE,2005,0.8401
Zimbabwe,ZWE,2006,0.861
Zimbabwe,ZWE,2007,0.8838
Zimbabwe,ZWE,2008,0.7508
Zimbabwe,ZWE,2009,0.6443
Zimbabwe,ZWE,2010,0.7383
Zimbabwe,ZWE,2011,0.8368
Zimbabwe,ZWE,2012,0.8218
Zimbabwe,ZWE,2013,0.9591
Zimbabwe,ZWE,2014,0.9691
Zimbabwe,ZWE,2015,0.9664
Zimbabwe,ZWE,2016,0.8662
Zimbabwe,ZWE,2017,0.7901
Zimbabwe,ZWE,2018,0.9116
Zimbabwe,ZWE,2019,0.8482